,Oferta od,Kategoria,Marka pojazdu,Model pojazdu,Rok produkcji,Przebieg,Pojemność skokowa,Moc,Rodzaj napędu,Typ Silnika,Rodzaj paliwa,Skrzynia biegów,Typ nadwozia,Kolor,Możliwość finansowania,Faktura VAT,Leasing,Gwarancja dealerska (w cenie),Kraj pochodzenia,Bezwypadkowy,Stan,Numer rejestracyjny pojazdu,Pierwszy właściciel,Rodzaj koloru,Serwisowany w ASO,Zarejestrowany w Polsce,Pierwsza rejestracja,Tuning,Uszkodzony,VAT marża,Okres gwarancji producenta,VIN,lub do (przebieg km)
0,Firmy,Motocykle,CF Moto,X6,2022,1 km,800 cm3,64 KM,Wał kardana,Czterosuwowy,Benzyna,Automatyczna,Quad,Szary,Tak,Tak,Tak,24 miesięcy,Szwecja,Tak,Nowe,,,,,,,,,,,,
1,Osoby prywatnej,Motocykle,Harley-Davidson,Fat Bob,2019,4 900 km,1 868 cm3,94 KM,Łańcuch,Dwusuwowy,Benzyna,Manualna,Chopper,Czarny,,Tak,,,Polska,Tak,Używane,KK247R,Tak,Perłowy,Tak,Tak,,,,,,,
2,Osoby prywatnej,Motocykle,Harley-Davidson,Road King,2018,7 075 km,1 746 cm3,90 KM,Pas napędowy,Czterosuwowy,Benzyna,Manualna,Cruiser,Czarny,,,,,Stany Zjednoczone,,Używane,WK 138C,Tak,Metalik,,Tak,01/01/2018,,,,,,
3,Osoby prywatnej,Motocykle,Honda,CBF,2008,33 056 km,599 cm3,33 KM,Łańcuch,Czterosuwowy,Benzyna,Manualna,Turystyczny,Szary,,,,,Niemcy,Tak,Używane,GD551Y,,,,Tak,17/06/2008,,,,,,
4,Osoby prywatnej,Motocykle,Suzuki,GSX-R,2005,36 000 km,599 cm3,125 KM,Łańcuch,Czterosuwowy,Benzyna,Manualna,Sportowy,Niebieski,,,,,,Tak,Używane,SJZ 1WM4,,,,,11/05/2004,,,,,,
5,Firmy,Motocykle,Polaris,Sportsman,2022,1 km,567 cm3,44 KM,,Czterosuwowy,Benzyna,Automatyczna,Quad,Brązowy,Tak,Tak,Tak,,Polska,Tak,Nowe,,,Matowy,,,,,,,,,
6,Firmy,Motocykle,CF Moto,C-Force,2021,1 km,800 cm3,62 KM,Wał kardana,Czterosuwowy,Benzyna,Automatyczna,Quad,Szary,Tak,Tak,Tak,24 miesięcy,Inny,Tak,Nowe,,,Metalik,,,,,,,,,
7,Firmy,Motocykle,CF Moto,C-Force,2022,1 km,495 cm3,40 KM,Wał kardana,Czterosuwowy,Benzyna,Automatyczna,Quad,Czerwony,Tak,Tak,Tak,24 miesięcy,Inny,Tak,Nowe,,,Metalik,,,,,,,,,
8,Osoby prywatnej,Motocykle,Indian,Scout,2021,1 500 km,1 133 cm3,100 KM,Pas napędowy,,Benzyna,,Chopper,Inny kolor,,,,,,,Używane,,,Matowy,,Tak,,,,,,,
9,Osoby prywatnej,Motocykle,Yamaha,XJR,2013,14 000 km,1 251 cm3,100 KM,Łańcuch,Czterosuwowy,Benzyna,Manualna,Naked,Czarny,,,,,,Tak,Używane,TLW75UF,Tak,,,Tak,29/03/2018,,,,,,
10,Osoby prywatnej,Motocykle,Honda,CRF,2014,24 km,450 cm3,,Łańcuch,Czterosuwowy,Benzyna,Manualna,Krosowy,Czerwony,,,,,Inny,Tak,Używane,,,,,,,,,,,,
11,Osoby prywatnej,Motocykle,Honda,Varadero,2008,22 823 km,125 cm3,15 KM,Łańcuch,Czterosuwowy,Benzyna,,Turystyczny,Srebrny,,,,,Wielka Brytania,Tak,Używane,SZY8VS7,Tak,Metalik,,Tak,30/09/2008,Tak,,,,,
12,Osoby prywatnej,Motocykle,Triumph,Thunderbird,2017,2 060 km,1 699 cm3,98 KM,Pas napędowy,,Benzyna,,Cruiser,Czarny,,Tak,,,Polska,Tak,Używane,ZS 485L,Tak,,Tak,Tak,,,,,,,
13,Osoby prywatnej,Motocykle,Kawasaki,Vulcan,1998,61 000 km,800 cm3,,,Dwusuwowy,Benzyna,,Chopper,Inny kolor,,,,,,Tak,Używane,DX1451,,Matowy,,Tak,,,,,,,
14,Osoby prywatnej,Motocykle,Suzuki,Intruder,2009,38 000 km,1 462 cm3,78 KM,Wał kardana,Czterosuwowy,Benzyna,Manualna,Cruiser,Czarny,,,,,Polska,Tak,Używane,,,Perłowy,Tak,Tak,,,,,,,
15,Osoby prywatnej,Motocykle,Yamaha,XVS,2017,10 943 km,1 304 cm3,72 KM,Pas napędowy,Czterosuwowy,Benzyna,Manualna,Chopper,Czarny,,,,,Kanada,,Używane,RZ349U,,Metalik,,Tak,01/01/2017,,,,,,
16,Osoby prywatnej,Motocykle,BMW,LT,2006,25 655 km,,,,,Benzyna,,Turystyczny,Czarny,,,,,,,Używane,,,Perłowy,,,,,,,,,
17,Osoby prywatnej,Motocykle,Can-Am,Maverick,2019,1 600 km,900 cm3,210 KM,Pas napędowy,,Benzyna,Automatyczna,Quad,Czarny,,,,,,,Używane,,,Metalik,,Tak,25/03/2022,Tak,,,,,
18,Osoby prywatnej,Motocykle,Zundapp,KS,1943,50 000 km,680 cm3,,Łańcuch,Czterosuwowy,Benzyna,Manualna,Turystyczny,Zielony,,,,,Szwajcaria,,Używane,,,,,,,,,,,,
19,Osoby prywatnej,Motocykle,Harley-Davidson,Fat Boy,2009,29 240 km,1 584 cm3,74 KM,Pas napędowy,Czterosuwowy,Benzyna,Manualna,Cruiser,Czarny,,,,,Polska,Tak,Używane,GKA1L33,Tak,Metalik,Tak,Tak,31/05/2010,Tak,,,,,
20,Osoby prywatnej,Motocykle,Yamaha,FZ,2011,34 617 km,998 cm3,148 KM,Łańcuch,,Benzyna,Manualna,Naked,Czarny,,,,,Francja,Tak,Używane,BN-631-SE,,Metalik,,,19/05/2011,,,,,,
21,Osoby prywatnej,Motocykle,Kawasaki,Ninja,2019,7 000 km,650 cm3,68 KM,Łańcuch,Czterosuwowy,Benzyna,Manualna,Naked,Czarny,,,,,Niemcy,,Używane,SR M 515,Tak,Perłowy,,,11/06/2019,,Tak,,,,
22,Osoby prywatnej,Motocykle,Yamaha,XV,1993,10 700 km,531 cm3,46 KM,Wał kardana,Czterosuwowy,Benzyna,,Chopper,Czarny,,,,,Niemcy,Tak,Używane,,Tak,Perłowy,Tak,Tak,22/05/1997,,,,,,
23,Osoby prywatnej,Motocykle,BMW,K,2018,16 200 km,1 600 cm3,160 KM,Wał kardana,Czterosuwowy,Benzyna,Manualna,Turystyczny,Niebieski,,,,,,Tak,Używane,,,Metalik,Tak,,,,,Tak,,,
24,Osoby prywatnej,Motocykle,Suzuki,Intruder,2006,17 300 km,1 783 cm3,125 KM,Wał kardana,,Benzyna,Manualna,Chopper,Czarny,,,,,Stany Zjednoczone,,Używane,D9 BULEK,,Perłowy,Tak,,06/12/2006,,,,,,
25,Osoby prywatnej,Motocykle,Suzuki,RF,1996,17 640 km,900 cm3,134 KM,Łańcuch,Czterosuwowy,Benzyna,Manualna,Sportowy,Niebieski,,,,,Niemcy,Tak,Używane,,Tak,Metalik,,Tak,,,,,,,
26,Osoby prywatnej,Motocykle,Ducati,Monster,2016,8 500 km,1 197 cm3,163 KM,Łańcuch,Czterosuwowy,Benzyna,Manualna,Naked,Czarny,,,,,Włochy,Tak,Używane,,,Metalik,,Tak,,,,,,,
27,Osoby prywatnej,Motocykle,Yamaha,YZF,2017,4 485 km,125 cm3,15 KM,Łańcuch,Czterosuwowy,Benzyna,Manualna,Sportowy,Czarny,,Tak,,,Szwajcaria,,Używane,,,Matowy,Tak,,01/06/2017,Tak,,,,,
28,Firmy,Motocykle,BMW,XR,2018,24 310 km,999 cm3,164 KM,Łańcuch,Czterosuwowy,Benzyna,Manualna,Turystyczny,Niebieski,,,,,Polska,Tak,Używane,,Tak,Matowy,Tak,,19/04/2019,,,Tak,,,
29,Firmy,Motocykle,BMW,R,2022,,1 170 cm3,110 KM,,,Benzyna,Manualna,Naked,Czarny,Tak,Tak,Tak,,Polska,Tak,Nowe,,,,,,,,,,,,
30,Firmy,Motocykle,BMW,R,2022,,1 254 cm3,136 KM,,,Benzyna,Manualna,Enduro,Czarny,Tak,Tak,Tak,,Polska,Tak,Nowe,,,,,,,,,,,,
31,Firmy,Motocykle,BMW,R,2022,,1 802 cm3,91 KM,,,Benzyna,Manualna,Cruiser,Zielony,Tak,Tak,Tak,,Polska,Tak,Nowe,,,,,,,,,,,,
32,Firmy,Motocykle,CF Moto,ZForce,2022,1 km,1 000 cm3,80 KM,Wał kardana,Czterosuwowy,Benzyna,Automatyczna,Quad,Szary,Tak,Tak,Tak,,,Tak,Nowe,,,,,,,,,,,,
33,Osoby prywatnej,Motocykle,Harley-Davidson,FXSB Breakout,2018,9 900 km,1 868 cm3,100 KM,Pas napędowy,,Benzyna,Manualna,Chopper,Bordowy,,,,,Stany Zjednoczone,Tak,Używane,,Tak,,Tak,Tak,,,,,,,
34,Osoby prywatnej,Motocykle,Harley-Davidson,FLHTCU Ultra,2010,15 313 km,1 584 cm3,82 KM,Pas napędowy,Czterosuwowy,Benzyna,Manualna,Cruiser,Czarny,,,,,,Tak,Używane,LB2030,Tak,Metalik,,Tak,08/07/2010,,,Tak,,,
35,Firmy,Motocykle,Benelli,TRK 502,2021,4 500 km,500 cm3,48 KM,Łańcuch,,Benzyna,Manualna,Turystyczny,Biały,,Tak,,,Polska,Tak,Używane,ZSD 3E07,Tak,,Tak,Tak,02/06/2021,,,,,,
36,Osoby prywatnej,Motocykle,Aprilia,Atlantic,2006,34 112 km,459 cm3,37 KM,,Czterosuwowy,Benzyna,Automatyczna,Skuter,Szary,,,,,Francja,,Używane,WPIG20P,,Matowy,,Tak,30/05/2006,,,,,,
37,Firmy,Motocykle,Segway,Fugleman UT10,2021,1 km,1 000 cm3,105 KM,Wał kardana,Czterosuwowy,Benzyna,Bezstopniowa,Quad,Inny kolor,Tak,Tak,Tak,,,Tak,Nowe,,,,,,,,,,,,
38,Osoby prywatnej,Motocykle,Benelli,Leoncino Trail,2021,560 km,500 cm3,48 KM,Łańcuch,Dwusuwowy,Benzyna,Manualna,Naked,Czarny,,,,,Polska,Tak,Używane,DGL3H20,Tak,Metalik,Tak,Tak,05/05/2022,,,,31/05/2024,,
39,Firmy,Motocykle,CF Moto,Inny,2022,1 km,700 cm3,71 KM,Łańcuch,Czterosuwowy,Benzyna,Manualna,Cruiser,Inny kolor,,Tak,,24 miesięcy,,Tak,Nowe,,Tak,,,,,,,,,,
40,Osoby prywatnej,Motocykle,BMW,R,2005,63 000 km,1 150 cm3,,Wał kardana,Czterosuwowy,Benzyna,Manualna,Turystyczny,Niebieski,,,,,,,Używane,zmy 66an,,Metalik,,Tak,,,,,,,
41,Firmy,Motocykle,BMW,GS,2021,1 km,313 cm3,34 KM,Łańcuch,Czterosuwowy,Benzyna,Manualna,Enduro,Inny kolor,Tak,Tak,Tak,36 miesięcy,,Tak,Nowe,,,,,,,,,,,,
42,Firmy,Motocykle,Kymco,MXU,2021,1 km,300 cm3,,Wał kardana,Czterosuwowy,Benzyna,Automatyczna,Quad,Zielony,Tak,Tak,,24 miesięcy,,Tak,Nowe,,,,,,,,,,,,
43,Osoby prywatnej,Motocykle,Polaris,Scrambler,2015,8 000 km,952 cm3,89 KM,,Czterosuwowy,Benzyna,Automatyczna,Quad,Biały,,Tak,,,,Tak,Używane,,,Matowy,,Tak,,,,,,,
44,Firmy,Motocykle,BMW,S,2022,1 km,999 cm3,165 KM,Łańcuch,Czterosuwowy,Benzyna,Półautomatyczna,Naked,Szary,Tak,Tak,Tak,60 miesięcy,,Tak,Nowe,,,Metalik,,,,,,,,,
45,Osoby prywatnej,Motocykle,Yamaha,YZF,2009,1 km,450 cm3,50 KM,Łańcuch,Czterosuwowy,Benzyna,Manualna,Krosowy,Niebieski,,,,,Belgia,,Używane,,,Matowy,,,,,,,,,
46,Firmy,Motocykle,Bashan,Inny,2022,1 km,125 cm3,14 KM,Łańcuch,Czterosuwowy,Benzyna,Automatyczna,Quad,Inny kolor,,Tak,,24 miesięcy,,Tak,Nowe,,Tak,,,,,,,,,,
47,Osoby prywatnej,Motocykle,Kawasaki,Ninja,2011,33 000 km,599 cm3,128 KM,Łańcuch,,Benzyna,,Sportowy,Biały,,,,,,,Używane,,,,,,,,,,,JKAZX600RRA025285,
48,Firmy,Motocykle,Yamaha,TTR,2022,1 km,110 cm3,,Łańcuch,Czterosuwowy,Benzyna,Półautomatyczna,Krosowy,Niebieski,Tak,Tak,,,Polska,Tak,Nowe,,,Metalik,,,,,,,,,
49,Osoby prywatnej,Motocykle,Honda,GL,1982,83 500 km,1 085 cm3,,,Czterosuwowy,Benzyna,Manualna,Cruiser,Brązowy,,Tak,,,Holandia,,Używane,,,Metalik,,Tak,,,,,,,
50,Osoby prywatnej,Motocykle,Suzuki,GSX-R,2010,48 000 km,,,,,Benzyna,,Sportowy,Biały,,,,,,,Używane,,,Perłowy,,,,,,,,,
51,Osoby prywatnej,Motocykle,SMC,RAM,2022,6 km,170 cm3,12 KM,Łańcuch,Czterosuwowy,Benzyna,Manualna,Quad,Czerwony,,,,,,,Używane,,,Matowy,,,,,,,,,
52,Osoby prywatnej,Motocykle,Honda,Deauville,2001,34 800 km,650 cm3,,Wał kardana,,Benzyna,Manualna,Turystyczny,Zielony,,,,,Wielka Brytania,,Używane,KLIPY09,,Metalik,,Tak,02/10/2001,,,,,,
53,Firmy,Motocykle,BMW,Adventure,2022,1 km,1 254 cm3,136 KM,Wał kardana,Czterosuwowy,Benzyna,Półautomatyczna,Enduro,Czarny,,,,60 miesięcy,,Tak,Nowe,,,Metalik,,,,,,,,,
54,Osoby prywatnej,Motocykle,Honda,VF,1995,72 294 km,748 cm3,88 KM,Łańcuch,Czterosuwowy,Benzyna,Manualna,Cruiser,Czerwony,,,,,,Tak,Używane,,,Matowy,Tak,Tak,,,,,,,
55,Osoby prywatnej,Motocykle,BMW,GS,2018,19 500 km,850 cm3,95 KM,Łańcuch,Czterosuwowy,Benzyna,Manualna,Turystyczny,Czarny,,Tak,,,Polska,Tak,Używane,SG062F,Tak,,Tak,Tak,07/11/2018,,,,07/11/2023,,500 000 km
56,Osoby prywatnej,Motocykle,TGB,Blade,2020,820 km,,83 KM,Wał kardana,Czterosuwowy,Benzyna,Automatyczna,Quad,Czarny,,Tak,,,Polska,Tak,Używane,POSG83L,Tak,Matowy,,Tak,28/09/2020,,,,,,
57,Osoby prywatnej,Motocykle,Suzuki,DL,2005,87 250 km,650 cm3,67 KM,Łańcuch,,Benzyna,Manualna,Turystyczny,Niebieski,,,,,,,Używane,SBI5U74,,Metalik,,,06/04/2005,,,,,,
58,Osoby prywatnej,Motocykle,BMW,GS,2022,97 km,1 250 cm3,,Wał kardana,Czterosuwowy,Benzyna,Manualna,Turystyczny,Czarny,,,,,Polska,Tak,Używane,,Tak,,Tak,Tak,,,,,05/04/2025,,
59,Firmy,Motocykle,Niu,N,2021,1 km,,,,Elektryczny,Elektryczny,,Skuter,Inny kolor,Tak,Tak,,,,Tak,Nowe,,,,,,,,,,,,
60,Osoby prywatnej,Motocykle,Suzuki,GSX,2020,1 680 km,124 cm3,15 KM,Łańcuch,Czterosuwowy,Benzyna,Manualna,Naked,Biały,,,,,Niemcy,Tak,Używane,,,Metalik,,Tak,02/07/2021,,,,,,
61,Firmy,Motocykle,Kymco,Agility,2020,1 km,50 cm3,4 KM,Pas napędowy,Czterosuwowy,Benzyna,Automatyczna,Skuter,Inny kolor,Tak,Tak,,,,Tak,Nowe,,,,,,,,,,,,
62,Osoby prywatnej,Motocykle,Honda,CBR,2001,37 000 km,,,,,Benzyna,,Sportowy,Inny kolor,,,,,,,Używane,,,,,,,,,,,,
63,Osoby prywatnej,Motocykle,Can-Am,Outlander,2020,200 km,854 cm3,80 KM,Pas napędowy,Czterosuwowy,Benzyna,Bezstopniowa,Quad,Czarny,,,,,Stany Zjednoczone,Tak,Używane,,,Metalik,,,,,,,,,
64,Firmy,Motocykle,Kawasaki,Zephyr,1993,68 000 km,750 cm3,72 KM,Łańcuch,Czterosuwowy,Benzyna,Manualna,Naked,Żółty,Tak,,,,Niemcy,Tak,Używane,,Tak,Metalik,,,,,,Tak,,,
65,Firmy,Motocykle,Suzuki,Burgman,2009,21 000 km,125 cm3,12 KM,Pas napędowy,Czterosuwowy,Benzyna,Automatyczna,Skuter,Niebieski,Tak,,,,Niemcy,Tak,Używane,,Tak,Metalik,Tak,,,,,Tak,,,
66,Osoby prywatnej,Motocykle,Honda,CBF,2008,83 km,600 cm3,65 KM,Łańcuch,Czterosuwowy,Benzyna,Manualna,Cruiser,Czarny,,,,,Wielka Brytania,,Używane,13692,,Metalik,,,12/03/2008,,,,,,
67,Osoby prywatnej,Motocykle,Yamaha,MT,2014,29 974 km,689 cm3,75 KM,Łańcuch,Czterosuwowy,Benzyna,Manualna,Naked,Szary,,,,,,,Używane,,,Matowy,,Tak,,,,,,,
68,Osoby prywatnej,Motocykle,Suzuki,Intruder,2011,11 475 km,805 cm3,53 KM,Wał kardana,,Benzyna,Manualna,Cruiser,Czarny,,,,,Polska,Tak,Używane,EL 69C7,,,,Tak,31/08/2011,,,,,,
69,Firmy,Motocykle,Aprilia,RS,2022,1 km,659 cm3,100 KM,Łańcuch,Czterosuwowy,Benzyna,Manualna,Sportowy,Czarny,Tak,Tak,Tak,,,Tak,Nowe,,,Matowy,,,,,,,,,
70,Osoby prywatnej,Motocykle,Moto Morini,Inny,2010,18 000 km,1 200 cm3,,Łańcuch,Czterosuwowy,Benzyna,Manualna,Turystyczny,Biały,,,,,Szwajcaria,Tak,Używane,,Tak,,,Tak,,,,,,,
71,Osoby prywatnej,Motocykle,Triumph,Tiger,2016,10 000 km,800 cm3,,,,Benzyna,Manualna,Turystyczny,Biały,,,,,,,Używane,,Tak,,,Tak,,,,,,,
72,Osoby prywatnej,Motocykle,Honda,VT,2005,2 339 km,745 cm3,45 KM,Wał kardana,Czterosuwowy,Benzyna,Manualna,Chopper,Czarny,,,,,,Tak,Używane,,Tak,Metalik,,Tak,,,,,,,
73,Osoby prywatnej,Motocykle,Yamaha,Royal Star,1997,36 534 km,1 294 cm3,73 KM,Wał kardana,Czterosuwowy,Benzyna,Manualna,Chopper,Beżowy,,,,,,Tak,Używane,GST 1W55,Tak,Metalik,,Tak,05/03/1997,,,,,,
74,Osoby prywatnej,Motocykle,Suzuki,Savage,1993,37 000 km,652 cm3,27 KM,Pas napędowy,Czterosuwowy,Benzyna,Manualna,Chopper,Czarny,,,,,Niemcy,,Używane,FSD2U66,,Metalik,,Tak,07/07/1993,,,,,,
75,Osoby prywatnej,Motocykle,Yamaha,FZS,1999,81 000 km,600 cm3,,Łańcuch,Czterosuwowy,Benzyna,Manualna,Turystyczny,Srebrny,,,,,,,Używane,,,Metalik,,,,,,,,,
76,Osoby prywatnej,Motocykle,Suzuki,Bandit,2009,33 700 km,,,,,Benzyna,,Turystyczny,Czarny,,,,,,,Używane,,,,,,,,,,,,
77,Osoby prywatnej,Motocykle,Kawasaki,Z,2020,5 000 km,125 cm3,15 KM,Łańcuch,Czterosuwowy,Benzyna,Manualna,Naked,Biały,,,,,,,Używane,,,Matowy,,,,,,,,,
78,Firmy,Motocykle,CF Moto,ZForce,2021,,1 000 cm3,80 KM,Wał kardana,Czterosuwowy,Benzyna,Automatyczna,Quad,Szary,Tak,Tak,Tak,24 miesięcy,Inny,Tak,Nowe,,,Metalik,,,,,,,,,
79,Osoby prywatnej,Motocykle,KTM,EXC,2019,4 608 km,298 cm3,80 KM,,Dwusuwowy,Benzyna,Manualna,Enduro,Biały,,,,,Polska,,Używane,Epaxxxx,,Matowy,,,05/05/2020,,,,,,4 608 km
80,Osoby prywatnej,Motocykle,Kawasaki,Vulcan,1995,48 792 km,805 cm3,55 KM,,Czterosuwowy,Benzyna,Manualna,Chopper,Czarny,,,,,Niemcy,Tak,Używane,,,Metalik,,Tak,19/07/1995,,,,,,
81,Osoby prywatnej,Motocykle,Honda,Transalp,2000,28 550 km,647 cm3,53 KM,Łańcuch,Czterosuwowy,Benzyna,Manualna,Turystyczny,Czerwony,,,,,Włochy,,Używane,,,,,Tak,06/06/2001,,,,,,
82,Osoby prywatnej,Motocykle,Suzuki,Burgman,2018,18 410 km,638 cm3,54 KM,Pas napędowy,Czterosuwowy,Benzyna,Automatyczna,Skuter,Biały,,,,,Francja,Tak,Używane,PZ64H9,Tak,,,Tak,,,,,,,
83,Osoby prywatnej,Motocykle,Yamaha,X-max,2012,38 000 km,250 cm3,20 KM,Pas napędowy,Czterosuwowy,Benzyna,Automatyczna,Skuter,Biały,,Tak,,,Francja,Tak,Używane,PK 7021,Tak,Perłowy,,Tak,22/04/2022,,,,,,
84,Osoby prywatnej,Motocykle,Suzuki,Bandit,2006,59 086 km,656 cm3,77 KM,,Dwusuwowy,Benzyna,Manualna,Turystyczny,Srebrny,,,,,,Tak,Używane,,,Metalik,,Tak,,,,,,,
85,Osoby prywatnej,Motocykle,Harley-Davidson,Dyna,2012,28 981 km,1 688 cm3,88 KM,Pas napędowy,Czterosuwowy,Benzyna,Manualna,Cruiser,Czarny,,,,,Stany Zjednoczone,,Używane,WY3261,,Matowy,,Tak,29/03/2017,,,,,,
86,Osoby prywatnej,Motocykle,Kawasaki,ER,2011,21 000 km,649 cm3,72 KM,Łańcuch,Dwusuwowy,Benzyna,Manualna,Naked,Czerwony,,,,,Niemcy,Tak,Używane,DX4957,,Metalik,,Tak,23/11/2011,,,,,,
87,Osoby prywatnej,Motocykle,Yamaha,MT,2018,20 000 km,847 cm3,115 KM,Łańcuch,Czterosuwowy,Benzyna,Manualna,Naked,Czarny,,,,,Szwajcaria,Tak,Używane,LBL62G9,,Metalik,,Tak,15/04/2018,,,,,,
88,Osoby prywatnej,Motocykle,Romet,RCR,2019,2 228 km,124 cm3,11 KM,Łańcuch,,Benzyna,Manualna,Cruiser,Czarny,,,,,Polska,Tak,Używane,BMN40MS,Tak,,Tak,Tak,18/05/2020,Tak,,,,,
89,Firmy,Motocykle,Harley-Davidson,Inny,2022,,975 cm3,90 KM,Pas napędowy,,Benzyna,Manualna,Cruiser,Czarny,Tak,Tak,,,,Tak,Nowe,,,,,,,,,,,,
90,Firmy,Motocykle,BMW,C1,2022,1 km,350 cm3,34 KM,,,Benzyna,Automatyczna,Skuter,Czarny,Tak,Tak,Tak,,Polska,Tak,Nowe,,,Metalik,,,,,,,,,
91,Firmy,Motocykle,KTM,RC 8,2011,23 000 km,1 195 cm3,98 KM,Łańcuch,Czterosuwowy,Benzyna,Manualna,Sportowy,Biały,,,,,Francja,,Używane,,,Metalik,,,,,Tak,Tak,,,
92,Firmy,Motocykle,BMW,R,2022,,1 254 cm3,136 KM,,,Benzyna,Manualna,Enduro,Czarny,Tak,Tak,Tak,,Polska,Tak,Nowe,,,Metalik,,,,,,,,,
93,Firmy,Motocykle,Zontes,125 U1,2022,1 km,125 cm3,15 KM,Łańcuch,Czterosuwowy,Benzyna,Manualna,Naked,Czarny,,Tak,,24 miesięcy,Polska,Tak,Nowe,,Tak,Metalik,,,,,,,,,
94,Osoby prywatnej,Motocykle,BMW,F,2008,64 000 km,798 cm3,71 KM,Łańcuch,Czterosuwowy,Benzyna,Manualna,Turystyczny,Niebieski,,,,,,Tak,Używane,RJA V28X,,Metalik,,Tak,12/09/2008,,,,,,
95,Osoby prywatnej,Motocykle,BMW,K,2011,79 428 km,,,,Czterosuwowy,Benzyna,,Turystyczny,Czerwony,,,,,,,Używane,,,Metalik,,,,,,,,,
96,Firmy,Motocykle,Kymco,Agility City A-C,2020,1 km,49 cm3,3 KM,Pas napędowy,Czterosuwowy,Benzyna,Bezstopniowa,Skuter,Biały,,Tak,,24 miesięcy,,Tak,Nowe,,,Metalik,,,,,,,,,
97,Osoby prywatnej,Motocykle,Kawasaki,Z,2010,38 222 km,748 cm3,106 KM,Łańcuch,Czterosuwowy,Benzyna,Manualna,Naked,Żółty,,,,,,,Używane,,,Perłowy,,Tak,,,,,,,
98,Osoby prywatnej,Motocykle,Yamaha,Virago,1995,32 000 km,749 cm3,,Wał kardana,,Benzyna,,Chopper,Inny kolor,,,,,,,Używane,,,,,,,,,,,,
99,Osoby prywatnej,Motocykle,Yamaha,Tmax,2017,11 080 km,530 cm3,44 KM,Łańcuch,Czterosuwowy,Benzyna,Automatyczna,Skuter,Szary,,,,,Polska,Tak,Używane,WF7392,,Matowy,Tak,Tak,28/04/2017,,,,,,
100,Firmy,Motocykle,Can-Am,Outlander,2022,1 km,1 000 cm3,80 KM,,Czterosuwowy,Benzyna,Automatyczna,Quad,Szary,Tak,Tak,,24 miesięcy,,Tak,Nowe,,,,,,,,,,,,
101,Osoby prywatnej,Motocykle,Yamaha,R1,2012,10 250 km,999 cm3,199 KM,Łańcuch,Czterosuwowy,Benzyna,Manualna,Sportowy,Szary,,,,,,,Używane,,,Matowy,,Tak,,,,,,,
102,Osoby prywatnej,Motocykle,Suzuki,SV,2007,720 km,650 cm3,,Łańcuch,Czterosuwowy,Benzyna,Manualna,Sportowy,Niebieski,,,,,,Tak,Używane,,Tak,Metalik,,Tak,12/07/2007,,,,,,
103,Osoby prywatnej,Motocykle,Honda,XRV,1994,53 000 km,750 cm3,,Łańcuch,Czterosuwowy,Benzyna,Manualna,Enduro,Biały,,,,,,Tak,Używane,,,,,Tak,19/05/1994,,,,,,
104,Osoby prywatnej,Motocykle,BMW,GS,2017,7 576 km,798 cm3,86 KM,Łańcuch,Czterosuwowy,Benzyna,Półautomatyczna,Enduro,Biały,,,,,Polska,Tak,Używane,ETM A55K,,Perłowy,Tak,Tak,13/04/2017,,,,,,
105,Osoby prywatnej,Motocykle,Harley-Davidson,Road King,2014,52 600 km,1 690 cm3,,Pas napędowy,,Benzyna,Manualna,Chopper,Bordowy,,,,,Stany Zjednoczone,,Używane,CMG 4M60,,Metalik,,Tak,,Tak,Tak,,,,
106,Osoby prywatnej,Motocykle,Kawasaki,Zephyr,1992,94 000 km,750 cm3,72 KM,Łańcuch,,Benzyna,Manualna,Naked,Brązowy,,,,,,,Używane,,,,,Tak,,,,,,,
107,Osoby prywatnej,Motocykle,Ducati,848,2008,40 000 km,,,,,Benzyna,,Sportowy,Biały,,,,,,,Używane,,,Perłowy,,,,,,,,,
108,Firmy,Motocykle,CF Moto,C-Force,2022,1 km,495 cm3,40 KM,Wał kardana,Czterosuwowy,Benzyna,Automatyczna,Quad,Czarny,Tak,Tak,Tak,24 miesięcy,Inny,Tak,Nowe,,,Metalik,,,,,,,,,
109,Osoby prywatnej,Motocykle,BMW,F,2006,45 000 km,798 cm3,86 KM,Pas napędowy,,Benzyna,Manualna,Sportowy,Niebieski,Tak,,,,Polska,Tak,Używane,SBL 12JL,,Metalik,Tak,Tak,20/12/2006,,,,,,
110,Osoby prywatnej,Motocykle,Honda,VT,2019,57 km,1 300 cm3,,,,Benzyna,,Chopper,Niebieski,,,,,,Tak,Używane,EP 8137,Tak,,,Tak,,,,,,,
111,Osoby prywatnej,Motocykle,Yamaha,FZ,2008,47 000 km,1 000 cm3,150 KM,,Czterosuwowy,Benzyna,,Naked,Niebieski,,,,,Polska,Tak,Używane,,,,,Tak,,,,,,,
112,Osoby prywatnej,Motocykle,Harley-Davidson,Sportster,2015,6 850 km,883 cm3,53 KM,Pas napędowy,Czterosuwowy,Benzyna,Manualna,Chopper,Czarny,,,,,Polska,Tak,Używane,ED 2905,,Matowy,Tak,Tak,,Tak,,,,,
113,Osoby prywatnej,Motocykle,Triumph,Daytona,2012,43 100 km,675 cm3,125 KM,Łańcuch,Czterosuwowy,Benzyna,Manualna,Sportowy,Niebieski,,,,,Szwajcaria,,Używane,RK 5283,,Metalik,,Tak,22/03/2012,,,,,,
114,Osoby prywatnej,Motocykle,Peugeot,Inny,2020,420 km,125 cm3,15 KM,,,Benzyna,Automatyczna,Skuter,Inny kolor,,,,,Polska,Tak,Używane,,Tak,Matowy,Tak,Tak,,,,,15/04/2023,,
115,Osoby prywatnej,Motocykle,BMW,RT,2016,10 300 km,1 170 cm3,124 KM,Wał kardana,Czterosuwowy,Benzyna,Manualna,Turystyczny,Brązowy,,,,,,,Używane,,,Metalik,,Tak,,,,,,,
116,Osoby prywatnej,Motocykle,Yamaha,MT,2015,18 000 km,,,,,Benzyna,,Turystyczny,Srebrny,,,,,,,Używane,,,Matowy,,,,,,,,,
117,Osoby prywatnej,Motocykle,Triumph,Tiger,2019,9 040 km,800 cm3,95 KM,Łańcuch,Czterosuwowy,Benzyna,Manualna,Enduro,Czarny,,,,,,,Używane,WSI8WG7,Tak,Matowy,,Tak,01/01/2022,,,,,,
118,Osoby prywatnej,Motocykle,Harley-Davidson,Road King,2007,46 882 km,1 600 cm3,97 KM,Pas napędowy,Czterosuwowy,Benzyna,,Chopper,Czarny,,,,,Stany Zjednoczone,Tak,Używane,,,Metalik,,Tak,,,,,,,
119,Firmy,Motocykle,Suzuki,Burgman,2005,28 000 km,125 cm3,12 KM,Pas napędowy,Czterosuwowy,Benzyna,Automatyczna,Skuter,Niebieski,Tak,,,,Niemcy,Tak,Używane,,Tak,Metalik,Tak,,,,,Tak,,,
120,Osoby prywatnej,Motocykle,Yamaha,FJR,2006,82 000 km,1 300 cm3,147 KM,Wał kardana,,Benzyna,Manualna,Turystyczny,Niebieski,,,,,,Tak,Używane,,,Metalik,,Tak,,,,,,,
121,Osoby prywatnej,Motocykle,Victory,Vision,2012,24 517 km,1 731 cm3,95 KM,Pas napędowy,Czterosuwowy,Benzyna,Manualna,Cruiser,Inny kolor,,,,,,,Używane,,,Metalik,,Tak,,,,,,,
122,Osoby prywatnej,Motocykle,Honda,CBR,2006,44 000 km,600 cm3,120 KM,,Czterosuwowy,Benzyna,Manualna,Sportowy,Czerwony,,,,,Polska,Tak,Używane,SZA7E05,,Metalik,,Tak,18/05/2006,Tak,,,,,
123,Osoby prywatnej,Motocykle,Yamaha,XJ,2000,44 126 km,599 cm3,61 KM,Łańcuch,Czterosuwowy,Benzyna,Manualna,Turystyczny,Zielony,,,,,Niemcy,Tak,Używane,PNTNS28,Tak,,,Tak,14/04/2000,,,Tak,,,
124,Osoby prywatnej,Motocykle,Suzuki,Hayabusa,2008,25 484 km,1 340 cm3,197 KM,Łańcuch,Czterosuwowy,Benzyna,Manualna,Sportowy,Inny kolor,,,,,,Tak,Używane,PCH 07VR,,Metalik,,Tak,30/05/2008,,,,,,
125,Osoby prywatnej,Motocykle,Yamaha,XJ,1985,40 000 km,696 cm3,72 KM,Wał kardana,Czterosuwowy,Benzyna,Manualna,Chopper,Czarny,,,,,Holandia,Tak,Używane,PKL RP53,Tak,Metalik,,Tak,,,,,,,
126,Osoby prywatnej,Motocykle,BMW,K,2019,11 000 km,1 600 cm3,160 KM,Wał kardana,Czterosuwowy,Benzyna,Automatyczna,Turystyczny,Srebrny,,Tak,,,Polska,Tak,Używane,,Tak,Metalik,Tak,Tak,29/03/2019,,,,,,
127,Osoby prywatnej,Motocykle,BMW,LT,2002,66 000 km,1 200 cm3,98 KM,Wał kardana,Czterosuwowy,Benzyna,Manualna,Turystyczny,Niebieski,,,,,Belgia,,Używane,,,,,Tak,,,,,,,
128,Firmy,Motocykle,Polaris,Sportsman,2021,1 km,567 cm3,44 KM,,Czterosuwowy,Benzyna,Automatyczna,Quad,Biały,Tak,Tak,Tak,,Polska,Tak,Nowe,,,Metalik,,,,,,,,,
129,Osoby prywatnej,Motocykle,Yamaha,Virago,1994,26 600 km,535 cm3,40 KM,Wał kardana,Czterosuwowy,Benzyna,Manualna,Chopper,Niebieski,,,,,,Tak,Używane,EZD 57S3,,Metalik,,Tak,08/03/1994,,,,,,
130,Osoby prywatnej,Motocykle,Harley-Davidson,Street 750,2019,1 500 km,749 cm3,,Pas napędowy,Czterosuwowy,Benzyna,,Naked,Czarny,,,,,Polska,Tak,Używane,,Tak,Metalik,Tak,Tak,,,,,,,
131,Osoby prywatnej,Motocykle,Husqvarna,TC,2014,113 km,,,,,Benzyna,,Krosowy,Inny kolor,,,,,,Tak,Używane,,,,,,,,,,,,
132,Osoby prywatnej,Motocykle,BMW,RT,2013,72 122 km,1 200 cm3,,Wał kardana,Czterosuwowy,Benzyna,,Turystyczny,Biały,,,,,Stany Zjednoczone,,Używane,,,,,,,,,,,,
133,Osoby prywatnej,Motocykle,Harley-Davidson,V-Rod,2008,970 km,1 250 cm3,116 KM,Pas napędowy,Czterosuwowy,Benzyna,Manualna,Chopper,Czarny,,,,,Stany Zjednoczone,Tak,Używane,SPS20XA,Tak,Matowy,,Tak,29/12/2008,,,,,,
134,Osoby prywatnej,Motocykle,Suzuki,Boulevard,2008,72 000 km,1 783 cm3,125 KM,Wał kardana,Czterosuwowy,Benzyna,Manualna,Cruiser,Inny kolor,,,,,,,Używane,KMYA66A,,Perłowy,,Tak,12/08/2008,,,,,,
135,Firmy,Motocykle,Peugeot,Citystar,2014,16 000 km,125 cm3,14 KM,Pas napędowy,Czterosuwowy,Benzyna,Automatyczna,Skuter,Biały,Tak,,,,Francja,Tak,Używane,,Tak,Metalik,Tak,,,,,Tak,,,
136,Osoby prywatnej,Motocykle,Honda,CB,2004,62 281 km,1 300 cm3,115 KM,Łańcuch,,Benzyna,Manualna,Naked,Czarny,,,,,,,Używane,,,Metalik,,Tak,,,,,,,
137,Osoby prywatnej,Motocykle,Yamaha,Midnight Star,2009,37 300 km,950 cm3,,Pas napędowy,Czterosuwowy,Benzyna,Manualna,Cruiser,Bordowy,,,,,Stany Zjednoczone,,Używane,,,,,,,,,,,,
138,Osoby prywatnej,Motocykle,Kawasaki,VN,2006,40 km,2 053 cm3,105 KM,Pas napędowy,Czterosuwowy,Benzyna,,Chopper,Czarny,,,,,,,Używane,WSE14C8,,,,,01/01/2006,,,,,,
139,Osoby prywatnej,Motocykle,BMW,K,2018,33 000 km,1 600 cm3,,,,Benzyna,Manualna,Turystyczny,Czarny,,,,,,,Używane,,,Metalik,,,,,,Tak,,,
140,Firmy,Motocykle,Yamaha,YX,2022,1 km,998 cm3,,,Czterosuwowy,Benzyna,Półautomatyczna,Quad,Żółty,,Tak,,24 miesięcy,Polska,Tak,Nowe,,Tak,Metalik,,,,,,,,,
141,Osoby prywatnej,Motocykle,Can-Am,Renegade,2019,1 250 km,1 000 cm3,91 KM,Pas napędowy,,Benzyna,Automatyczna,Quad,Czarny,Tak,Tak,Tak,,Polska,,Używane,,Tak,,Tak,Tak,,,,Tak,,,
142,Osoby prywatnej,Motocykle,Yamaha,FZS,2001,61 000 km,1 000 cm3,,Łańcuch,Czterosuwowy,Benzyna,Manualna,Naked,Niebieski,,,,,Niemcy,Tak,Używane,,,Metalik,Tak,,,,,,,,
143,Osoby prywatnej,Motocykle,Can-Am,Renegade,2015,7 397 km,500 cm3,18 KM,Wał kardana,Czterosuwowy,Benzyna,Automatyczna,Quad,Żółty,,,,,Francja,,Używane,PKNUG94,Tak,Matowy,,,15/01/2015,,,,,,
144,Osoby prywatnej,Motocykle,Ducati,Scrambler,2019,3 100 km,803 cm3,73 KM,,,Benzyna,,Naked,Żółty,,,,,Polska,Tak,Używane,,,,,,,,,,,,
145,Osoby prywatnej,Motocykle,Yamaha,XVS,2008,10 750 km,1 300 cm3,72 KM,Pas napędowy,Czterosuwowy,Benzyna,Manualna,Chopper,Bordowy,,Tak,,,Inny,Tak,Używane,PZ 209E,,Metalik,,Tak,01/01/2008,,,,,,
146,Osoby prywatnej,Motocykle,Can-Am,Renegade,2016,1 200 km,976 cm3,,Pas napędowy,Czterosuwowy,Benzyna,Automatyczna,Quad,Czarny,Tak,Tak,Tak,,Stany Zjednoczone,Tak,Używane,,Tak,Metalik,Tak,Tak,,,,,,,
147,Firmy,Motocykle,Can-Am,Renegade,2021,1 km,650 cm3,60 KM,Wał kardana,Czterosuwowy,Benzyna,Automatyczna,Quad,Beżowy,Tak,Tak,,24 miesięcy,,Tak,Nowe,,,Matowy,,,,,,,,,
148,Firmy,Motocykle,Can-Am,Outlander,2021,1 km,1 000 cm3,91 KM,,Czterosuwowy,Benzyna,Automatyczna,Quad,Srebrny,Tak,Tak,,,,Tak,Nowe,,,,,,,,,,,,
149,Firmy,Motocykle,Can-Am,Renegade,2021,1 km,650 cm3,60 KM,Wał kardana,Czterosuwowy,Benzyna,Automatyczna,Quad,Beżowy,Tak,Tak,,24 miesięcy,,Tak,Nowe,,,,,,,,,,,,
150,Firmy,Motocykle,Yamaha,Grizzly,2020,2 000 km,686 cm3,50 KM,Pas napędowy,Czterosuwowy,Benzyna,Automatyczna,Quad,Złoty,,,,,Niemcy,Tak,Używane,WGR3TG3,Tak,Matowy,Tak,Tak,25/08/2020,,,Tak,,,
151,Firmy,Motocykle,CF Moto,Inny,2021,1 km,800 cm3,62 KM,Wał kardana,Czterosuwowy,Benzyna,Automatyczna,Quad,Inny kolor,Tak,Tak,,,,Tak,Nowe,,,,,,,,,,,,
152,Firmy,Motocykle,Benelli,BN 125,2022,1 km,125 cm3,11 KM,Łańcuch,Czterosuwowy,Benzyna,Manualna,Naked,Biały,Tak,Tak,Tak,24 miesięcy,,Tak,Nowe,,,Perłowy,,,,,,,,,
153,Firmy,Motocykle,Niu,U,2020,5 km,,1 200 KM,,Elektryczny,Elektryczny,,Motorower,Czarny,Tak,Tak,Tak,24 miesięcy,Polska,Tak,Nowe,,,Matowy,,,,,,,,,
154,Firmy,Motocykle,CF Moto,Inny,2021,1 km,500 cm3,40 KM,Wał kardana,Czterosuwowy,Benzyna,Automatyczna,Quad,Czerwony,Tak,Tak,,,,Tak,Nowe,,,,,,,,,,,,
155,Osoby prywatnej,Motocykle,Moto Guzzi,California,1987,29 800 km,1 000 cm3,,Wał kardana,Czterosuwowy,Benzyna,Manualna,Cruiser,Szary,,,,,,Tak,Używane,,,,Tak,Tak,,,,,,,
156,Osoby prywatnej,Motocykle,Honda,NSS,2021,3 040 km,745 cm3,59 KM,Łańcuch,Czterosuwowy,Benzyna,Automatyczna,Skuter,Niebieski,,,,,Polska,Tak,Używane,WD428E,Tak,Perłowy,Tak,Tak,26/04/2021,,,,25/04/2025,,
157,Osoby prywatnej,Motocykle,Kawasaki,VN,2006,43 397 km,900 cm3,,Pas napędowy,,Benzyna,Manualna,Cruiser,Czarny,,,,,Niemcy,Tak,Używane,,,Metalik,,Tak,01/06/2006,,,,,,
158,Osoby prywatnej,Motocykle,BMW,RT,2002,89 000 km,,95 KM,Wał kardana,,Benzyna,Manualna,Turystyczny,Srebrny,,,,,Polska,Tak,Używane,,,Metalik,,Tak,,,,,,,
159,Osoby prywatnej,Motocykle,Harley-Davidson,Softail,2008,37 400 km,1 600 cm3,,,,Benzyna,,Chopper,Czarny,,,,,Stany Zjednoczone,Tak,Używane,,,Metalik,,Tak,01/01/2008,Tak,,,,,
160,Osoby prywatnej,Motocykle,Honda,Shadow,2003,57 500 km,125 cm3,15 KM,Łańcuch,Czterosuwowy,Benzyna,Manualna,Chopper,Czarny,Tak,,,,Niemcy,Tak,Używane,DLUAN23,,Metalik,Tak,Tak,27/03/2003,,,,,,
161,Osoby prywatnej,Motocykle,Harley-Davidson,Sportster,1995,20 000 km,1 200 cm3,,,Dwusuwowy,Benzyna,,Chopper,Czarny,,,,,Stany Zjednoczone,,Używane,,,,,,,,,,,,
162,Osoby prywatnej,Motocykle,BMW,K,2017,31 567 km,1 649 cm3,160 KM,Wał kardana,Czterosuwowy,Benzyna,Półautomatyczna,Turystyczny,Niebieski,,,,,Polska,Tak,Używane,NOL 7U77,Tak,Perłowy,Tak,Tak,23/03/2017,,,,,,
163,Osoby prywatnej,Motocykle,Honda,GL,1988,59 704 km,1 181 cm3,94 KM,Wał kardana,Czterosuwowy,Benzyna,Manualna,Turystyczny,Bordowy,,,,,,Tak,Używane,,Tak,Metalik,,,,,,Tak,,,
164,Osoby prywatnej,Motocykle,BMW,R,1983,40 000 km,1 000 cm3,70 KM,,,Benzyna,,Turystyczny,Srebrny,,,,,,Tak,Używane,,,Metalik,,Tak,,,,,,,
165,Firmy,Motocykle,BMW,R,1981,111 042 km,979 cm3,70 KM,Łańcuch,Czterosuwowy,Benzyna,Manualna,Naked,Biały,,,,,,Tak,Używane,,,,Tak,Tak,,,,,,,
166,Osoby prywatnej,Motocykle,Super Soco,TS,2022,1 km,,3 KM,,,Elektryczny,Bezstopniowa,Motorower,Inny kolor,Tak,Tak,,,Polska,Tak,Używane,,Tak,,,,,,,,,,
167,Osoby prywatnej,Motocykle,Harley-Davidson,Sportster,2022,1 km,1 252 cm3,121 KM,Pas napędowy,Czterosuwowy,Benzyna,Manualna,Chopper,Czarny,Tak,Tak,Tak,,Polska,Tak,Używane,EO HD1,,Perłowy,,Tak,05/03/2022,,,,,,
168,Osoby prywatnej,Motocykle,Suzuki,GSX,2021,1 400 km,999 cm3,152 KM,,Czterosuwowy,Benzyna,Manualna,Naked,Czarny,,,,,Polska,Tak,Używane,FG 7781,Tak,Metalik,Tak,Tak,15/02/2022,Tak,,,15/02/2024,,
169,Osoby prywatnej,Motocykle,Aprilia,Tuono,2021,3 400 km,1 077 cm3,175 KM,Łańcuch,Czterosuwowy,Benzyna,Manualna,Naked,Czarny,,,,,Polska,Tak,Używane,WP8066,Tak,Perłowy,Tak,Tak,20/08/2021,Tak,,,20/08/2023,,
170,Firmy,Motocykle,Can-Am,Outlander Max,2021,1 km,998 cm3,80 KM,,,Benzyna,Bezstopniowa,Quad,Czarny,Tak,Tak,,24 miesięcy,,Tak,Nowe,,,,,,,,,,,,
171,Firmy,Motocykle,Yamaha,Tracer,2022,1 km,900 cm3,119 KM,Pas napędowy,Czterosuwowy,Benzyna,Manualna,Turystyczny,Czerwony,,Tak,,,Polska,Tak,Nowe,,,Metalik,,,,,,,,,
172,Firmy,Motocykle,Yamaha,Tenere,2022,1 km,689 cm3,73 KM,Łańcuch,Czterosuwowy,Benzyna,Manualna,Enduro,Niebieski,Tak,Tak,,,Polska,Tak,Nowe,,,Matowy,,,,,,,,,
173,Osoby prywatnej,Motocykle,Honda,VTX,2007,7 966 km,1 312 cm3,74 KM,,Czterosuwowy,Benzyna,,Chopper,Czarny,,,,,Stany Zjednoczone,,Używane,,,Metalik,,Tak,,,,,,,
174,Firmy,Motocykle,VELEX,M8,2021,1 km,,4 KM,,Elektryczny,Elektryczny,Automatyczna,Skuter,Niebieski,,Tak,,,,Tak,Nowe,,,,,,,,,,,,
175,Osoby prywatnej,Motocykle,Honda,CB,1999,52 500 km,998 cm3,106 KM,Łańcuch,Czterosuwowy,Benzyna,Manualna,Naked,Czarny,,,,,Francja,Tak,Używane,,,Metalik,,Tak,14/01/1999,,,,,,
176,Osoby prywatnej,Motocykle,Yamaha,FZ,2006,49 000 km,1 000 cm3,150 KM,Łańcuch,,Benzyna,Manualna,Turystyczny,Niebieski,,,,,,Tak,Używane,Dx1860,,Metalik,,Tak,08/05/2006,,,,,,
177,Osoby prywatnej,Motocykle,Peugeot,Citystar,2018,11 327 km,125 cm3,15 KM,Pas napędowy,Czterosuwowy,Benzyna,Automatyczna,Skuter,Czarny,,,,,Niemcy,,Używane,,,,,Tak,,,,,,,
178,Osoby prywatnej,Motocykle,Romet,RCR,2019,3 002 km,125 cm3,11 KM,Łańcuch,Czterosuwowy,Benzyna,Manualna,Chopper,Biały,,,,,,Tak,Używane,WM064S,,Metalik,Tak,Tak,19/04/2019,,,,,,
179,Osoby prywatnej,Motocykle,KTM,EXC,2015,153 km,449 cm3,,Łańcuch,,Benzyna,Manualna,Enduro,Inny kolor,,,,,,Tak,Używane,WGM C50S,Tak,,,Tak,,,,,,,
180,Osoby prywatnej,Motocykle,Yamaha,FZ,2011,50 250 km,,,,Czterosuwowy,Benzyna,,Naked,Fioletowy,,,,,,,Używane,,,Metalik,,,,,,,,,
181,Firmy,Motocykle,Honda,Shadow,2001,21 000 km,125 cm3,15 KM,,,Benzyna,,Chopper,Srebrny,Tak,,,,Francja,Tak,Używane,,,,,,,,,Tak,,,
182,Osoby prywatnej,Motocykle,Suzuki,Bandit,1996,42 000 km,600 cm3,77 KM,Łańcuch,Czterosuwowy,Benzyna,Manualna,Turystyczny,Niebieski,,,,,Niemcy,,Używane,SL6033,,Metalik,,Tak,04/07/1996,,,,,,
183,Osoby prywatnej,Motocykle,Kawasaki,Z,2019,11 437 km,948 cm3,125 KM,Łańcuch,Czterosuwowy,Benzyna,Manualna,Naked,Inny kolor,,,,,Niemcy,Tak,Używane,DW8737,Tak,Metalik,,Tak,27/06/2019,,,,,,
184,Firmy,Motocykle,Inny,Inny,2021,1 km,250 cm3,21 KM,Łańcuch,Czterosuwowy,Benzyna,Manualna,Krosowy,Czarny,Tak,Tak,,3 miesięcy,Polska,Tak,Nowe,,,,,,,,,,,,
185,Osoby prywatnej,Motocykle,BMW,RT,1998,81 500 km,1 085 cm3,90 KM,Wał kardana,Czterosuwowy,Benzyna,Manualna,Turystyczny,Srebrny,,,,,Niemcy,Tak,Używane,,,Metalik,,,,,,,,,
186,Osoby prywatnej,Motocykle,Yamaha,Drag Star,2005,24 500 km,649 cm3,39 KM,Wał kardana,Czterosuwowy,Benzyna,Manualna,Chopper,Czerwony,,,,,Stany Zjednoczone,Tak,Używane,WH2560,,Metalik,,Tak,,,,,,,
187,Osoby prywatnej,Motocykle,Yamaha,Drag Star,2006,33 000 km,649 cm3,29 KM,Wał kardana,Dwusuwowy,Benzyna,Manualna,Chopper,Czarny,,,,,Belgia,Tak,Używane,SM 300A,,Metalik,,Tak,15/02/2006,,,,,,
188,Osoby prywatnej,Motocykle,Kawasaki,Ninja,2020,2 700 km,650 cm3,68 KM,Łańcuch,Czterosuwowy,Benzyna,Manualna,Sportowy,Czarny,,,,,Francja,,Używane,,,Perłowy,,Tak,,,,,,,2 700 km
189,Firmy,Motocykle,Inny,Inny,2021,1 km,70 cm3,,Łańcuch,Czterosuwowy,Benzyna,Automatyczna,Krosowy,Inny kolor,Tak,Tak,,12 miesięcy,Niemcy,Tak,Nowe,,,,,,,,,,,,
190,Osoby prywatnej,Motocykle,Yamaha,TDM,1994,51 000 km,,,,,Benzyna,,Turystyczny,Zielony,,,,,,,Używane,,,Metalik,,Tak,,,,,,,
191,Firmy,Motocykle,Honda,Varadero,2011,16 000 km,125 cm3,15 KM,,,Benzyna,,Turystyczny,Czerwony,,,,,Austria,Tak,Używane,,Tak,,,Tak,,,,Tak,,,
192,Osoby prywatnej,Motocykle,Yamaha,MT,2015,23 000 km,847 cm3,115 KM,Łańcuch,Czterosuwowy,Benzyna,Manualna,Naked,Czarny,,,,,Polska,Tak,Używane,WSE87A4,,Metalik,Tak,Tak,17/07/2015,Tak,,,,,
193,Osoby prywatnej,Motocykle,Yamaha,Tracer,2017,33 650 km,847 cm3,115 KM,Łańcuch,Czterosuwowy,Benzyna,Manualna,Turystyczny,Zielony,,,,,Polska,Tak,Używane,KWA A1UC,Tak,,Tak,Tak,20/04/2018,,,,,,
194,Osoby prywatnej,Motocykle,Yamaha,Tricity,2018,35 000 km,125 cm3,,Pas napędowy,Czterosuwowy,Benzyna,Bezstopniowa,Skuter,Biały,,,,,,Tak,Używane,,,,,,,,,Tak,,,
195,Firmy,Motocykle,Honda,Shadow,2001,12 000 km,125 cm3,15 KM,Łańcuch,Czterosuwowy,Benzyna,,Chopper,Srebrny,Tak,,,,Francja,,Używane,,,Metalik,,,,,,Tak,,,
196,Osoby prywatnej,Motocykle,Piaggio,X8,2006,32 600 km,198 cm3,19 KM,Pas napędowy,Czterosuwowy,Benzyna,Automatyczna,Skuter,Niebieski,,,,,Polska,,Używane,,,,,Tak,,,,,,,
197,Firmy,Motocykle,Kymco,MXU,2012,6 000 km,443 cm3,33 KM,,Czterosuwowy,Benzyna,Automatyczna,Quad,Srebrny,Tak,,,,Niemcy,Tak,Używane,,Tak,Metalik,Tak,Tak,,,,Tak,,,
198,Firmy,Motocykle,Inny,Inny,2021,1 km,,,Łańcuch,Elektryczny,Elektryczny,Automatyczna,Quad,Inny kolor,,Tak,,12 miesięcy,Niemcy,Tak,Nowe,,,,,,,,,,,,
199,Firmy,Motocykle,Inny,Inny,2021,1 km,,,Łańcuch,Elektryczny,Elektryczny,Automatyczna,Quad,Inny kolor,,Tak,,12 miesięcy,Niemcy,Tak,Nowe,,,,,,,,,,,,
200,Firmy,Motocykle,Inny,Inny,2021,1 km,,,Łańcuch,Elektryczny,Elektryczny,Automatyczna,Quad,Inny kolor,,Tak,,12 miesięcy,Niemcy,Tak,Nowe,,,,,,,,,,,,
201,Firmy,Motocykle,Inny,Inny,2021,1 km,,,Łańcuch,Elektryczny,Elektryczny,Automatyczna,Quad,Inny kolor,,Tak,,,Niemcy,Tak,Nowe,,,,,,,,,,,,
202,Firmy,Motocykle,Inny,Inny,2020,1 000 km,125 cm3,11 KM,Łańcuch,Czterosuwowy,Benzyna,Manualna,Naked,Biały,,,,,Niemcy,Tak,Używane,,Tak,Metalik,Tak,,,,,Tak,,,
203,Firmy,Motocykle,Diabolini,Inny,2021,1 km,250 cm3,24 KM,Łańcuch,Czterosuwowy,Benzyna,Manualna,Krosowy,Inny kolor,,Tak,,24 miesięcy,,Tak,Nowe,,,,,,,,,,,,
204,Osoby prywatnej,Motocykle,Arctic Cat,Inny,2012,3 200 km,1 000 cm3,108 KM,Pas napędowy,Czterosuwowy,Benzyna,Automatyczna,Enduro,Zielony,,,,,Polska,,Używane,,,Metalik,,Tak,,,,,,,
205,Osoby prywatnej,Motocykle,Piaggio,Liberty,2018,9 500 km,50 cm3,3 KM,Pas napędowy,Czterosuwowy,Benzyna,Automatyczna,Skuter,Żółty,,,,,Austria,Tak,Używane,,,Metalik,Tak,,01/10/2018,,,,,,
206,Firmy,Motocykle,Can-Am,Outlander,2015,6 000 km,650 cm3,60 KM,,Czterosuwowy,Benzyna,Automatyczna,Quad,Żółty,Tak,,,,Niemcy,Tak,Używane,,Tak,Metalik,Tak,Tak,,,,Tak,,,
207,Firmy,Motocykle,Yamaha,NIKEN,2020,1 km,847 cm3,115 KM,Łańcuch,Czterosuwowy,Benzyna,Manualna,Turystyczny,Szary,Tak,Tak,,24 miesięcy,,Tak,Nowe,,,Metalik,,,,,,,,,
208,Firmy,Motocykle,Yamaha,NIKEN,2020,1 km,847 cm3,115 KM,Łańcuch,Czterosuwowy,Benzyna,Manualna,Turystyczny,Czarny,Tak,Tak,,24 miesięcy,,Tak,Nowe,,,Matowy,,,,,,,,,
209,Firmy,Motocykle,Yamaha,NIKEN,2020,1 km,847 cm3,115 KM,Łańcuch,Czterosuwowy,Benzyna,Manualna,Turystyczny,Szary,Tak,Tak,,24 miesięcy,,Tak,Nowe,,,,,,,,,,,,
210,Firmy,Motocykle,Yamaha,NIKEN,2020,1 km,847 cm3,115 KM,Łańcuch,Czterosuwowy,Benzyna,Manualna,Turystyczny,Niebieski,Tak,Tak,,24 miesięcy,,Tak,Nowe,,,Matowy,,,,,,,,,
211,Osoby prywatnej,Motocykle,Honda,CX,1980,41 300 km,493 cm3,20 KM,Wał kardana,Czterosuwowy,Benzyna,Manualna,Cruiser,Czerwony,,,,,Niemcy,Tak,Używane,FZ7462,,Metalik,,Tak,06/06/1980,,,,,,
212,Osoby prywatnej,Motocykle,Honda,Super Cub,2019,5 000 km,125 cm3,10 KM,Łańcuch,Czterosuwowy,Benzyna,Półautomatyczna,Skuter,Niebieski,,,,,Belgia,Tak,Używane,,Tak,Metalik,Tak,,,,,,,,
213,Osoby prywatnej,Motocykle,Suzuki,VX,1995,48 700 km,805 cm3,,Wał kardana,,Benzyna,,Naked,Czarny,,,,,,,Używane,,,,,Tak,,,,,,,
214,Firmy,Motocykle,Yamaha,Bulldog,2007,31 000 km,1 100 cm3,,Wał kardana,Czterosuwowy,Benzyna,Manualna,Naked,Czarny,,,,,,Tak,Używane,,,Metalik,,,,,,Tak,,,
215,Firmy,Motocykle,Rieju,Inny,2022,1 km,299 cm3,55 KM,Łańcuch,Dwusuwowy,Benzyna,Manualna,Enduro,Inny kolor,Tak,Tak,Tak,24 miesięcy,Hiszpania,Tak,Nowe,,,,,,,,,,,,
216,Firmy,Motocykle,Benelli,502 C,2021,1 km,500 cm3,48 KM,Łańcuch,Czterosuwowy,Benzyna,Manualna,Naked,Inny kolor,Tak,Tak,Tak,24 miesięcy,,Tak,Nowe,,,,,,,,,,,,
217,Osoby prywatnej,Motocykle,Ducati,Scrambler,2017,15 200 km,803 cm3,73 KM,Łańcuch,Czterosuwowy,Benzyna,Manualna,Enduro,Biały,Tak,,,,Polska,Tak,Używane,SB 351E,Tak,Metalik,Tak,Tak,15/03/2018,Tak,,,,,
218,Osoby prywatnej,Motocykle,Honda,CBR,2007,56 672 km,998 cm3,171 KM,Łańcuch,Czterosuwowy,Benzyna,Manualna,Sportowy,Inny kolor,,,,,Polska,Tak,Używane,,,,,Tak,,,,,,,
219,Osoby prywatnej,Motocykle,KTM,Super Duke,2018,26 000 km,1 301 cm3,180 KM,Łańcuch,Czterosuwowy,Benzyna,Manualna,Naked,Czarny,Tak,,,,,Tak,Używane,PGN12Y7,,,Tak,Tak,,,,,,,
220,Firmy,Motocykle,Kawasaki,ER,2012,38 000 km,649 cm3,72 KM,Łańcuch,Czterosuwowy,Benzyna,Manualna,Naked,Czarny,Tak,,,,Inny,Tak,Używane,,Tak,Metalik,Tak,Tak,,,,Tak,,,
221,Osoby prywatnej,Motocykle,Harley-Davidson,Electra Glide,2012,47 000 km,1 700 cm3,,,,Benzyna,Manualna,Cruiser,Inny kolor,,,,,Stany Zjednoczone,,Używane,,,,,Tak,,,,,,,
222,Osoby prywatnej,Motocykle,TGB,Inny,2008,20 000 km,125 cm3,11 KM,Pas napędowy,Czterosuwowy,Benzyna,Bezstopniowa,Skuter,Czarny,,,,,Holandia,Tak,Używane,,,,,,,,,Tak,,,
223,Osoby prywatnej,Motocykle,Suzuki,GSX,2002,49 899 km,1 400 cm3,106 KM,Łańcuch,Czterosuwowy,Benzyna,Manualna,Naked,Niebieski,,,,,Niemcy,,Używane,KGR 5MJ5,,Metalik,,Tak,02/04/2002,,,,,,
224,Firmy,Motocykle,Suzuki,GSX,2021,1 km,999 cm3,152 KM,Łańcuch,Czterosuwowy,Benzyna,Manualna,Naked,Niebieski,,Tak,,36 miesięcy,,Tak,Nowe,,,Metalik,,,,,,,,,
225,Firmy,Motocykle,Suzuki,DL,2021,1 km,1 037 cm3,107 KM,Łańcuch,Czterosuwowy,Benzyna,Manualna,Turystyczny,Szary,,Tak,,,,Tak,Używane,,,Metalik,,,,,,,,,
226,Osoby prywatnej,Motocykle,Suzuki,DL,2007,97 000 km,645 cm3,67 KM,Łańcuch,Czterosuwowy,Benzyna,Manualna,Turystyczny,Czarny,,,,,Szwajcaria,,Używane,,,Matowy,,Tak,30/05/2007,,,,,,
227,Osoby prywatnej,Motocykle,Piaggio,Vespa,2019,2 560 km,278 cm3,,,Czterosuwowy,Benzyna,Automatyczna,Skuter,Czerwony,,,,,,,Używane,,,,,Tak,15/04/2019,,,Tak,,,
228,Osoby prywatnej,Motocykle,Kawasaki,ER,2002,55 654 km,500 cm3,,,,Benzyna,Manualna,Turystyczny,Złoty,,,,,,,Używane,,,Metalik,,Tak,,,,,,,
229,Osoby prywatnej,Motocykle,Kawasaki,ZXR,2000,58 000 km,750 cm3,122 KM,Łańcuch,Czterosuwowy,Benzyna,Manualna,Sportowy,Zielony,,,,,,,Używane,GS596E,,,,,,,,,,,
230,Osoby prywatnej,Motocykle,Honda,Hornet,2004,38 987 km,600 cm3,,Łańcuch,,Benzyna,Manualna,Turystyczny,Czarny,,,,,Włochy,Tak,Używane,,Tak,,,Tak,,,,,,,
231,Osoby prywatnej,Motocykle,Yamaha,YZF,2009,42 900 km,600 cm3,100 KM,Łańcuch,Czterosuwowy,Benzyna,Manualna,Naked,Czarny,,,,,Polska,,Używane,ED5321,,Matowy,,Tak,14/05/2009,,,,,,
232,Osoby prywatnej,Motocykle,Romet,RCR,2018,1 500 km,,12 KM,Łańcuch,Czterosuwowy,Benzyna,Manualna,Chopper,Czarny,,,,,Polska,Tak,Używane,,,,,Tak,,,,,,,
233,Firmy,Motocykle,Harley-Davidson,Electra Glide,2004,56 944 km,1 450 cm3,,Pas napędowy,,Benzyna,,Chopper,Czerwony,,,,,,,Używane,,,,,,,,,,,,
234,Osoby prywatnej,Motocykle,Kawasaki,ZX,1999,24 500 km,748 cm3,122 KM,Łańcuch,Czterosuwowy,Benzyna,Manualna,Sportowy,Zielony,,,,,,,Używane,PZ41H7,,Matowy,,Tak,22/03/1999,,Tak,,,,
235,Osoby prywatnej,Motocykle,Can-Am,Outlander,2005,4 000 km,,,Pas napędowy,Czterosuwowy,Benzyna,Automatyczna,Quad,Czerwony,,,,,Austria,,Używane,,,,,,,,,,,,
236,Osoby prywatnej,Motocykle,Harley-Davidson,FLHXS Special,2018,10 700 km,1 749 cm3,91 KM,Pas napędowy,Czterosuwowy,Benzyna,Manualna,Cruiser,Czarny,,,,,Stany Zjednoczone,,Używane,,,Metalik,Tak,,,Tak,,,,,
237,Osoby prywatnej,Motocykle,Harley-Davidson,FLHXS Special,2020,1 800 km,1 868 cm3,91 KM,Pas napędowy,Czterosuwowy,Benzyna,Manualna,Cruiser,Czarny,,,,,Stany Zjednoczone,,Używane,,,Metalik,Tak,,,,,,,,
238,Osoby prywatnej,Motocykle,Harley-Davidson,FLHX Street Glide,2020,12 173 km,1 749 cm3,91 KM,Pas napędowy,Czterosuwowy,Benzyna,Manualna,Cruiser,Czarny,,,,,Stany Zjednoczone,,Używane,,,Metalik,Tak,,,,,,,,
239,Firmy,Motocykle,Kawasaki,VN,2001,72 000 km,800 cm3,55 KM,Łańcuch,Czterosuwowy,Benzyna,Manualna,Cruiser,Inny kolor,Tak,,,,Niemcy,,Używane,,,,,,,,,Tak,,,
240,Firmy,Motocykle,Yamaha,DT,1979,11 000 km,175 cm3,15 KM,Łańcuch,Dwusuwowy,Benzyna,Manualna,Enduro,Biały,Tak,,,,Niemcy,,Używane,,,Matowy,,,,,,Tak,,,
241,Osoby prywatnej,Motocykle,Honda,CBR,2004,35 795 km,599 cm3,109 KM,Łańcuch,,Benzyna,Manualna,Sportowy,Czerwony,,,,,,Tak,Używane,,,,,Tak,,,,,,,
242,Osoby prywatnej,Motocykle,KTM,RC 125,2015,10 100 km,125 cm3,15 KM,Łańcuch,Czterosuwowy,Benzyna,Manualna,Sportowy,Czarny,,,,,Niemcy,,Używane,,,,,,,,,,,,10 100 km
243,Firmy,Motocykle,Honda,XRV,2000,44 769 km,,,Łańcuch,Czterosuwowy,Benzyna,Manualna,Turystyczny,Niebieski,,,,,,,Używane,,,,,,,,,,,,
244,Osoby prywatnej,Motocykle,Harley-Davidson,Road Glide,2018,30 000 km,1 749 cm3,91 KM,Pas napędowy,Czterosuwowy,Benzyna,Manualna,Cruiser,Czarny,,,,,Stany Zjednoczone,,Używane,,,Metalik,Tak,,,,,,,,
245,Osoby prywatnej,Motocykle,Honda,GL,1988,92 000 km,1 500 cm3,98 KM,,,Benzyna,,Cruiser,Czerwony,,,,,,Tak,Używane,,,,,Tak,30/11/1995,,,,,,
246,Osoby prywatnej,Motocykle,Big Dog,Inny,2005,20 000 km,1 916 cm3,133 KM,Pas napędowy,Czterosuwowy,Benzyna,Manualna,Chopper,Srebrny,,,,,Stany Zjednoczone,,Używane,CBY H386,,Metalik,,Tak,21/05/2012,,,,,,
247,Osoby prywatnej,Motocykle,BMW,K,2002,51 000 km,1 200 cm3,140 KM,Wał kardana,Czterosuwowy,Benzyna,Automatyczna,Turystyczny,Czerwony,,,,,,Tak,Używane,,Tak,Metalik,,Tak,,,,,,,
248,Osoby prywatnej,Motocykle,Aprilia,Tuono,2017,20 700 km,124 cm3,15 KM,Łańcuch,Czterosuwowy,Benzyna,Manualna,Naked,Czerwony,,,,,Polska,Tak,Używane,DX7598,,,Tak,Tak,05/04/2019,,,,,,
249,Firmy,Motocykle,Honda,Varadero,2010,23 188 km,125 cm3,15 KM,Łańcuch,Czterosuwowy,Benzyna,Manualna,Turystyczny,Biały,Tak,,,,,,Używane,,,Perłowy,,,,,,Tak,,,
250,Firmy,Motocykle,Suzuki,Bandit,2005,46 000 km,1 200 cm3,,Łańcuch,Czterosuwowy,Benzyna,Manualna,Sportowy,Srebrny,,,,,,Tak,Używane,,,Metalik,,,,,,Tak,,,
251,Firmy,Motocykle,Suzuki,Intruder,2008,27 000 km,125 cm3,,Łańcuch,Czterosuwowy,Benzyna,Manualna,Chopper,Czarny,,,,,,,Używane,POS F61Y,,,,Tak,,,,,,,
252,Firmy,Motocykle,Suzuki,SV,2003,68 000 km,650 cm3,,Łańcuch,Czterosuwowy,Benzyna,Manualna,Sportowy,Niebieski,,,,,,Tak,Używane,,,Metalik,,,,,,Tak,,,
253,Firmy,Motocykle,Benelli,TRK 502,2021,1 km,499 cm3,47 KM,Łańcuch,Czterosuwowy,Benzyna,Manualna,Turystyczny,Srebrny,Tak,Tak,Tak,24 miesięcy,,Tak,Nowe,,,,,,,,,,,,
254,Firmy,Motocykle,Yamaha,DT,2005,23 677 km,125 cm3,,Łańcuch,Dwusuwowy,Benzyna,Manualna,Enduro,Niebieski,Tak,,,,,,Używane,,,,,,,,,Tak,,,
255,Osoby prywatnej,Motocykle,Yamaha,Virago,1992,40 205 km,535 cm3,44 KM,Wał kardana,Czterosuwowy,Benzyna,Manualna,Chopper,Fioletowy,,,,,Polska,Tak,Używane,ZPL79MR,,Metalik,,Tak,14/08/1992,,,,,,
256,Osoby prywatnej,Motocykle,Honda,Valkyrie,2015,9 344 km,1 800 cm3,,Wał kardana,,Benzyna,Manualna,Cruiser,Czerwony,,,,,Stany Zjednoczone,,Używane,,Tak,,,Tak,,,,,,,
257,Osoby prywatnej,Motocykle,Honda,Shadow,2002,23 000 km,750 cm3,,Łańcuch,,Benzyna,,Cruiser,Niebieski,,,,,,Tak,Używane,,,Metalik,,Tak,,,,,,,
258,Osoby prywatnej,Motocykle,Malaguti,Dune,2020,2 007 km,124 cm3,15 KM,Łańcuch,Czterosuwowy,Benzyna,Manualna,Turystyczny,Czarny,,,,,Polska,Tak,Używane,PWA VT85,Tak,Metalik,Tak,Tak,15/07/2021,,,,,,
259,Osoby prywatnej,Motocykle,Junak,Inny,2020,5 952 km,49 cm3,,Łańcuch,Czterosuwowy,Benzyna,Manualna,Motorower,Czerwony,,,,,,Tak,Używane,PKS 8RP7,Tak,Metalik,Tak,Tak,10/08/2020,,,,10/08/2022,,5 952 km
260,Osoby prywatnej,Motocykle,BMW,RT,2009,96 000 km,1 200 cm3,110 KM,Wał kardana,Czterosuwowy,Benzyna,Manualna,Turystyczny,Srebrny,,,,,Francja,,Używane,,,Metalik,,Tak,,,,Tak,,,
261,Osoby prywatnej,Motocykle,Suzuki,SV,2004,66 454 km,650 cm3,47 KM,Łańcuch,Czterosuwowy,Benzyna,Manualna,Naked,Niebieski,,,,,,Tak,Używane,ELE91T8,,Metalik,,Tak,11/06/2004,,,,,,
262,Firmy,Motocykle,Junak,Inny,2021,1 km,49 cm3,4 KM,Pas napędowy,Czterosuwowy,Benzyna,Automatyczna,Skuter,Czarny,Tak,Tak,,24 miesięcy,Polska,Tak,Nowe,,,Metalik,,,,,,,,,
263,Osoby prywatnej,Motocykle,Yamaha,MT,2015,19 500 km,125 cm3,15 KM,Łańcuch,Czterosuwowy,Benzyna,Manualna,Naked,Czerwony,,,,,,Tak,Używane,,,Metalik,Tak,,,,,,,,
264,Firmy,Motocykle,Honda,CA,1997,5 412 km,125 cm3,11 KM,Łańcuch,Czterosuwowy,Benzyna,Manualna,Cruiser,Czerwony,,,,,,Tak,Używane,TJEJJ36,,,,Tak,,,,,,,
265,Osoby prywatnej,Motocykle,Honda,Shadow,1997,70 000 km,600 cm3,39 KM,Łańcuch,Czterosuwowy,Benzyna,Manualna,Cruiser,Czarny,,,,,,Tak,Używane,KR059S,,,,Tak,06/10/1997,,,,,,
266,Osoby prywatnej,Motocykle,BMW,GS,2012,68 100 km,1 170 cm3,150 KM,Wał kardana,Czterosuwowy,Benzyna,Manualna,Enduro,Biały,,,,,Szwajcaria,,Używane,EZGE77J,,,,Tak,12/03/2013,,,,,,
267,Firmy,Motocykle,Inny,Inny,2022,1 km,,,Łańcuch,Elektryczny,Elektryczny,Automatyczna,Quad,Zielony,,,,,Niemcy,Tak,Nowe,,,Matowy,,,,,,,,,
268,Osoby prywatnej,Motocykle,Malaguti,XSM,2005,14 000 km,,,,Czterosuwowy,Benzyna,,Motorower,Inny kolor,,,,,,,Używane,,,Metalik,,,,,,Tak,,,
269,Firmy,Motocykle,Ducati,Monster,2005,18 613 km,996 cm3,113 KM,Łańcuch,Czterosuwowy,Benzyna,Manualna,Naked,Czerwony,,,,,Wielka Brytania,Tak,Używane,PJA54TH,,,,Tak,,,,,,,
270,Firmy,Motocykle,Suzuki,Bandit,2004,40 000 km,1 200 cm3,,Łańcuch,,Benzyna,Manualna,Turystyczny,Inny kolor,,,,,,Tak,Używane,,,Perłowy,Tak,,,,,,,,
271,Osoby prywatnej,Motocykle,Piaggio,MP-3,2019,12 000 km,,,,,Benzyna,,Skuter,Szary,,,,,,,Używane,,,,,,,,,,,,
272,Firmy,Motocykle,Inny,Inny,2022,1 km,,1 KM,Łańcuch,Elektryczny,Elektryczny,Automatyczna,Quad,Zielony,,Tak,,,Niemcy,Tak,Nowe,,,Matowy,,,,,,,,,
273,Osoby prywatnej,Motocykle,BMW,R,2017,9 000 km,1 200 cm3,125 KM,Wał kardana,,Benzyna,,Naked,Biały,,,,,,,Używane,,,,,,,,,,,,
274,Osoby prywatnej,Motocykle,Kawasaki,Z,2010,44 328 km,748 cm3,34 KM,Łańcuch,Czterosuwowy,Benzyna,Manualna,Sportowy,Inny kolor,,,,,,Tak,Używane,,Tak,Perłowy,,Tak,01/04/2010,,,,,,
275,Osoby prywatnej,Motocykle,Piaggio,Vespa,2017,3 800 km,125 cm3,8 KM,,Czterosuwowy,Benzyna,Automatyczna,Skuter,Czarny,,,,,Polska,Tak,Używane,WY 1017,Tak,Metalik,Tak,Tak,,,,,,,
276,Firmy,Motocykle,BMW,R,2005,43 000 km,1 200 cm3,109 KM,Wał kardana,,Benzyna,Manualna,Turystyczny,Srebrny,Tak,,,3 miesięcy,Niemcy,Tak,Używane,,Tak,Metalik,Tak,,,,,Tak,,,
277,Firmy,Motocykle,Moto Guzzi,V11,2000,60 000 km,1 100 cm3,91 KM,Wał kardana,Czterosuwowy,Benzyna,Manualna,Naked,Złoty,Tak,,,,Niemcy,Tak,Używane,,,Metalik,Tak,,,,,Tak,,,
278,Firmy,Motocykle,Yamaha,Road Star,2006,15 000 km,1 700 cm3,78 KM,Pas napędowy,Czterosuwowy,Benzyna,Manualna,Chopper,Srebrny,,Tak,,,Stany Zjednoczone,,Używane,,,Metalik,,,,,,,,,
279,Osoby prywatnej,Motocykle,Yamaha,Virago,1994,73 800 km,749 cm3,55 KM,Wał kardana,Czterosuwowy,Benzyna,Manualna,Chopper,Zielony,,,,,Niemcy,,Używane,,,Metalik,,,,,,,,,
280,Osoby prywatnej,Motocykle,BMW,K,2009,31 000 km,1 300 cm3,160 KM,Wał kardana,Czterosuwowy,Benzyna,Manualna,Cruiser,Niebieski,,,,,,Tak,Używane,,,Metalik,Tak,Tak,,,,,,,
281,Osoby prywatnej,Motocykle,Honda,VF,1993,46 300 km,748 cm3,88 KM,Łańcuch,Czterosuwowy,Benzyna,Manualna,Cruiser,Czarny,,,,,,,Używane,,,Metalik,,Tak,,,,,,,
282,Osoby prywatnej,Motocykle,Honda,Hornet,2003,30 937 km,600 cm3,98 KM,Łańcuch,Czterosuwowy,Benzyna,Manualna,Naked,Czarny,,,,,Włochy,Tak,Używane,,,Metalik,,Tak,07/08/2003,,,,,,
283,Osoby prywatnej,Motocykle,Suzuki,GS,1982,59 771 km,395 cm3,27 KM,Łańcuch,Czterosuwowy,Benzyna,Manualna,Chopper,Czarny,,,,,,,Używane,PGS2J69,,Metalik,,Tak,01/04/1982,,,,,,
284,Firmy,Motocykle,Inny,Inny,2022,1 km,125 cm3,14 KM,Łańcuch,Czterosuwowy,Benzyna,Półautomatyczna,Quad,Czerwony,,Tak,,,Niemcy,Tak,Nowe,,Tak,Matowy,,,,,,,,,
285,Osoby prywatnej,Motocykle,Suzuki,VL 800 Volusia - Boulevard C50,2008,19 600 km,800 cm3,,Wał kardana,Czterosuwowy,Benzyna,Manualna,Chopper,Niebieski,,,,,,,Używane,,,Metalik,,,,,,,,,
286,Osoby prywatnej,Motocykle,Kymco,Agility,2016,13 765 km,50 cm3,,,Czterosuwowy,Benzyna,,Skuter,Biały,,,,,,,Używane,,,,,,,,,,,,
287,Firmy,Motocykle,KXD,Inny,2022,1 km,125 cm3,13 KM,Łańcuch,Czterosuwowy,Benzyna,Półautomatyczna,Quad,Niebieski,,Tak,,,Niemcy,Tak,Nowe,,,Perłowy,,,,,,,,,
288,Osoby prywatnej,Motocykle,Honda,GL,1990,99 km,1 520 cm3,74 KM,Wał kardana,Czterosuwowy,Benzyna,Manualna,Turystyczny,Biały,,,,,Stany Zjednoczone,,Używane,lub1p24,,Perłowy,,,25/05/2017,,,,,,
289,Osoby prywatnej,Motocykle,Kawasaki,Ninja 300 ABS,2019,10 800 km,299 cm3,25 KM,Łańcuch,Dwusuwowy,Benzyna,Automatyczna,Skuter,Czarny,,,,,Szwajcaria,,Używane,ne22536,,Metalik,Tak,,,,,Tak,,,
290,Osoby prywatnej,Motocykle,BMW,GS,2008,64 000 km,798 cm3,71 KM,Łańcuch,Czterosuwowy,Benzyna,Manualna,Turystyczny,Niebieski,,,,,,Tak,Używane,RJA V28X,,Metalik,,Tak,12/09/2008,,,,,,
291,Firmy,Motocykle,Yamaha,V Star,2006,27 792 km,1 100 cm3,,,,Benzyna,,Cruiser,Czarny,,,,,Kanada,Tak,Używane,,,,,,,,,,,,
292,Firmy,Motocykle,Yamaha,V Star,2008,21 613 km,1 100 cm3,,,,Benzyna,,Cruiser,Beżowy,,,,,Kanada,Tak,Używane,,,,,,,,,,,,
293,Firmy,Motocykle,Yamaha,V Star,2008,28 530 km,1 100 cm3,,Wał kardana,,Benzyna,,Cruiser,Beżowy,,,,,Kanada,Tak,Używane,,,,,,,,,,,,
294,Firmy,Motocykle,Yamaha,Royal Star,2005,35 213 km,1 300 cm3,,Wał kardana,,Benzyna,Manualna,Cruiser,Czarny,,,,,Kanada,Tak,Używane,,,,,,,,,,,,
295,Firmy,Motocykle,Suzuki,VL 1500 Intruder LC - Boulevard C90,2009,25 038 km,1 500 cm3,,Wał kardana,,Benzyna,,Cruiser,Czarny,,,,,Kanada,Tak,Używane,,,,,,,,,,,,
296,Firmy,Motocykle,Honda,GL,2004,111 376 km,1 800 cm3,,,,Benzyna,,Turystyczny,Czerwony,,,,,Kanada,Tak,Używane,,,,,,,,,,,,
297,Firmy,Motocykle,Yamaha,Raider,2009,36 531 km,1 900 cm3,,,,Benzyna,,Cruiser,Bordowy,,,,,Stany Zjednoczone,Tak,Używane,,,,,,,,,,,,
298,Firmy,Motocykle,Honda,VTX,2007,41 268 km,,,Wał kardana,,Benzyna,,Cruiser,Bordowy,,,,,Kanada,Tak,Używane,,,,,,,,,,,,
299,Firmy,Motocykle,Yamaha,V Star,2007,39 497 km,650 cm3,,,,Benzyna,,Cruiser,Biały,,,,,Kanada,Tak,Używane,,,,,,,,,,,,
300,Firmy,Motocykle,Yamaha,V Star,2004,42 685 km,1 100 cm3,,,,Benzyna,,Cruiser,Biały,,,,,Kanada,Tak,Używane,,,,,,,,,,,,
301,Osoby prywatnej,Motocykle,Yamaha,FZR,2004,47 700 km,600 cm3,,Łańcuch,Czterosuwowy,Benzyna,Manualna,Sportowy,Niebieski,,,,,,Tak,Używane,,,Perłowy,,Tak,,,,,,,
302,Osoby prywatnej,Motocykle,KTM,Duke,2013,22 670 km,373 cm3,43 KM,Łańcuch,Czterosuwowy,Benzyna,Manualna,Naked,Biały,,,,,,Tak,Używane,LU724S,,,Tak,Tak,,,,,,,
303,Osoby prywatnej,Motocykle,BMW,S,2020,5 500 km,,,,,Benzyna,,Sportowy,Biały,,,,,Polska,,Używane,,Tak,,Tak,Tak,,,,,05/03/2025,,
304,Osoby prywatnej,Motocykle,Linhai,300,2017,1 780 km,275 cm3,20 KM,Wał kardana,Czterosuwowy,Benzyna,Manualna,Quad,Biały,,,,,Polska,Tak,Używane,SK652K,Tak,Metalik,Tak,Tak,24/10/2017,,,,,,
305,Firmy,Motocykle,Suzuki,Bandit,2004,48 000 km,1 200 cm3,98 KM,Łańcuch,Czterosuwowy,Benzyna,Manualna,Turystyczny,Zielony,Tak,,,,Francja,,Używane,,,Metalik,,,,,,Tak,,,
306,Osoby prywatnej,Motocykle,Harley-Davidson,Sportster,1995,7 189 km,1 200 cm3,,,Czterosuwowy,Benzyna,,Chopper,Niebieski,,,,,Stany Zjednoczone,Tak,Używane,,,Metalik,,Tak,,,,,,,
307,Firmy,Motocykle,Honda,CBF,2006,24 000 km,998 cm3,98 KM,Łańcuch,Czterosuwowy,Benzyna,Manualna,Turystyczny,Szary,Tak,,,,Niemcy,Tak,Używane,,,Perłowy,,,,,,Tak,,,
308,Osoby prywatnej,Motocykle,Yamaha,XT,2002,9 653 km,595 cm3,39 KM,Łańcuch,Czterosuwowy,Benzyna,Manualna,Enduro,Niebieski,,,,,,,Używane,,,,,Tak,31/03/2003,,,,,,
309,Osoby prywatnej,Motocykle,BMW,RT,2012,122 000 km,1 200 cm3,,Wał kardana,Czterosuwowy,Benzyna,,Turystyczny,Czarny,,,,,,Tak,Używane,,Tak,,,Tak,,,,,,,
310,Firmy,Motocykle,Barton,Inny,2022,1 km,125 cm3,10 KM,Łańcuch,Czterosuwowy,Benzyna,Manualna,Enduro,Żółty,Tak,Tak,,24 miesięcy,Polska,Tak,Nowe,,,Metalik,,,,,,,,,
311,Osoby prywatnej,Motocykle,KTM,SXF,2019,72 km,450 cm3,,,Czterosuwowy,Benzyna,,Krosowy,Czarny,,,,,,Tak,Używane,,,,,,,,,,,,
312,Osoby prywatnej,Motocykle,Yamaha,FZR,1993,30 000 km,600 cm3,90 KM,Łańcuch,Czterosuwowy,Benzyna,Manualna,Sportowy,Fioletowy,,,,,Niemcy,Tak,Używane,,,Metalik,,Tak,,,,,,,
313,Osoby prywatnej,Motocykle,Daelim,VS,1998,14 000 km,124 cm3,12 KM,Łańcuch,Czterosuwowy,Benzyna,Manualna,Chopper,Zielony,,,,,Austria,Tak,Używane,,,Perłowy,,,,,,Tak,,,
314,Firmy,Motocykle,Piaggio,MP-3,2021,1 km,500 cm3,44 KM,Pas napędowy,Czterosuwowy,Benzyna,Automatyczna,Skuter,Niebieski,Tak,Tak,Tak,24 miesięcy,,Tak,Nowe,,,Matowy,,,,,,,,,
315,Firmy,Motocykle,Aprilia,Tuono,2022,1 km,1 077 cm3,175 KM,Łańcuch,Czterosuwowy,Benzyna,Manualna,Naked,Czarny,,Tak,Tak,,,Tak,Nowe,,,,,,,,,,,,
316,Firmy,Motocykle,Vespa,Primavera,2021,1 km,125 cm3,11 KM,Pas napędowy,Czterosuwowy,Benzyna,Automatyczna,Skuter,Biały,Tak,Tak,Tak,24 miesięcy,,Tak,Nowe,,,,,,,,,,,,
317,Firmy,Motocykle,Piaggio,Inny,2017,8 200 km,125 cm3,12 KM,Pas napędowy,Czterosuwowy,Benzyna,Automatyczna,Skuter,Niebieski,,,,,Polska,Tak,Używane,,Tak,Metalik,Tak,Tak,,,,Tak,,,
318,Firmy,Motocykle,Piaggio,Inny,2021,1 km,,,,,Elektryczny,Automatyczna,Skuter,Biały,Tak,Tak,Tak,,,Tak,Nowe,,,,,,,,,,,,
319,Osoby prywatnej,Motocykle,Suzuki,Burgman,2009,16 953 km,385 cm3,34 KM,Pas napędowy,Czterosuwowy,Benzyna,,Skuter,Czarny,,,,,Francja,,Używane,,,,,Tak,17/06/2009,,,,,,
320,Osoby prywatnej,Motocykle,Suzuki,SV,2001,26 500 km,650 cm3,71 KM,Łańcuch,Czterosuwowy,Benzyna,Manualna,Naked,Niebieski,,,,,,Tak,Używane,WBRM305,,Metalik,,Tak,01/02/2001,,,,,,
321,Osoby prywatnej,Motocykle,Honda,CBR,1995,62 600 km,998 cm3,99 KM,Łańcuch,Czterosuwowy,Benzyna,Manualna,Sportowy,Czarny,,,,,,Tak,Używane,,,Metalik,,Tak,10/11/1995,,,,,,
322,Osoby prywatnej,Motocykle,Yamaha,WR,2013,33 200 km,125 cm3,15 KM,,,Benzyna,,Enduro,Czarny,,,,,,,Używane,,,,,,,,,,,,
323,Firmy,Motocykle,Suzuki,GSX-R,2001,21 000 km,1 000 cm3,160 KM,Łańcuch,Czterosuwowy,Benzyna,Manualna,Sportowy,Czerwony,,,,,Niemcy,Tak,Używane,,,,,,,,,Tak,,,
324,Firmy,Motocykle,Victory,Inny,2016,2 843 km,1 731 cm3,,Pas napędowy,,Benzyna,Manualna,Cruiser,Czarny,Tak,Tak,,,Stany Zjednoczone,,Używane,,,,,,,,,,,,
325,Osoby prywatnej,Motocykle,Yamaha,XJ,1998,66 000 km,600 cm3,61 KM,Łańcuch,Czterosuwowy,Benzyna,Manualna,Naked,Czerwony,,,,,,,Używane,PKR90C9,,Metalik,,Tak,02/10/1998,,,,,,
326,Firmy,Motocykle,Polaris,Ranger XP,2021,1 km,999 cm3,82 KM,Wał kardana,Czterosuwowy,Benzyna,Bezstopniowa,Quad,Czarny,Tak,Tak,Tak,24 miesięcy,Polska,Tak,Nowe,,,Metalik,,,,,,,,,
327,Firmy,Motocykle,Honda,VTX,2007,15 490 km,,,,,Benzyna,,Cruiser,Niebieski,,Tak,,,,,Używane,,,,,,,,,,,,
328,Firmy,Motocykle,Kawasaki,EN,2015,8 059 km,,,,,Benzyna,,Cruiser,Biały,,Tak,,,,,Używane,,,Metalik,,,,,,,,,
329,Firmy,Motocykle,Kawasaki,VN,2005,47 237 km,,,,,Benzyna,,Cruiser,Beżowy,,Tak,,,,,Używane,,,,,,,,,,,,
330,Firmy,Motocykle,Yamaha,MT,2019,11 008 km,125 cm3,15 KM,Łańcuch,Czterosuwowy,Benzyna,Manualna,Naked,Czarny,,,,,Niemcy,Tak,Używane,,Tak,,Tak,,,,,Tak,,,
331,Firmy,Motocykle,Diabolini,Inny,2020,1 km,150 cm3,16 KM,Łańcuch,Czterosuwowy,Benzyna,Manualna,Krosowy,Zielony,,Tak,,,Stany Zjednoczone,Tak,Nowe,,,,,,,,,,,,
332,Firmy,Motocykle,Harley-Davidson,Inny,2016,13 000 km,,,,,Benzyna,,Cruiser,Czarny,,,,,,,Używane,,,,,,,,,,,,
333,Firmy,Motocykle,Kawasaki,VN,2007,4 249 km,,,,,Benzyna,,Cruiser,Złoty,,Tak,,,,,Używane,,,,,,,,,,,,
334,Osoby prywatnej,Motocykle,Kawasaki,Versys 650,2010,47 627 km,649 cm3,64 KM,Łańcuch,Czterosuwowy,Benzyna,Manualna,Turystyczny,Żółty,,,,,Francja,Tak,Używane,,,Perłowy,,Tak,17/08/2010,,,,,,
335,Firmy,Motocykle,Indian,Chieftain,2015,53 552 km,1 811 cm3,,,,Benzyna,Manualna,Cruiser,Niebieski,,Tak,,,Stany Zjednoczone,,Używane,,,,,,,,,,,,
336,Firmy,Motocykle,Indian,Chieftain,2015,61 104 km,1 811 cm3,,,,Benzyna,,Turystyczny,Bordowy,,Tak,,,Stany Zjednoczone,,Używane,,,Metalik,,,,,,,,,
337,Firmy,Motocykle,Kawasaki,VN,2014,51 863 km,,,,,Benzyna,,Cruiser,Inny kolor,,Tak,,,,,Używane,,,,,,,,,,,,
338,Osoby prywatnej,Motocykle,Honda,CB,2020,6 705 km,125 cm3,13 KM,Łańcuch,Czterosuwowy,Benzyna,Manualna,Naked,Czarny,,,,,Polska,Tak,Używane,,Tak,Matowy,Tak,Tak,25/05/2020,,,,,,
339,Firmy,Motocykle,Barton,Inny,2021,1 km,124 cm3,8 KM,Łańcuch,Czterosuwowy,Benzyna,Półautomatyczna,Krosowy,Czerwony,,Tak,,,,Tak,Nowe,,,,,,,,,,,,
340,Firmy,Motocykle,Suzuki,Inny,2006,12 345 km,,,,,Benzyna,,Cruiser,Szary,,Tak,,,,,Używane,,,Metalik,,,,,,,,,
341,Firmy,Motocykle,Suzuki,Inny,2005,22 km,,,,,Benzyna,,Cruiser,Fioletowy,,Tak,,,,,Używane,,,Metalik,,,,,,,,,
342,Firmy,Motocykle,Suzuki,VZ,2013,12 345 km,,,,,Benzyna,,Cruiser,Szary,,Tak,,,,,Używane,,,,,,,,,,,,
343,Firmy,Motocykle,Victory,Inny,2015,3 800 km,,,,,Benzyna,,Cruiser,Czarny,,Tak,,,,,Używane,,,,,,,,,,,,
344,Osoby prywatnej,Motocykle,Kawasaki,Ninja,2020,1 500 km,649 cm3,80 KM,Łańcuch,Czterosuwowy,Benzyna,Manualna,Sportowy,Czarny,,,,,Polska,,Używane,NIL4P85,Tak,Metalik,Tak,Tak,20/04/2021,,,,20/04/2024,,
345,Osoby prywatnej,Motocykle,Harley-Davidson,Inny,2019,24 000 km,1 746 cm3,,Pas napędowy,Czterosuwowy,Benzyna,Manualna,Chopper,Czarny,,,,,,,Używane,,,,,Tak,,,,,,,
346,Firmy,Motocykle,Barton,Inny,2021,1 km,50 cm3,3 KM,Łańcuch,Czterosuwowy,Benzyna,Automatyczna,Skuter,Czarny,Tak,Tak,Tak,,,Tak,Nowe,,,,,,,,,,,,
347,Osoby prywatnej,Motocykle,Yamaha,XJ,1991,50 000 km,900 cm3,90 KM,Wał kardana,Czterosuwowy,Benzyna,Manualna,Turystyczny,Czarny,,,,,,,Używane,,,Metalik,,,12/12/1991,,,,,,50 000 km
348,Firmy,Motocykle,Romet,747,2022,1 km,49 cm3,3 KM,Pas napędowy,Czterosuwowy,Benzyna,Automatyczna,Skuter,Inny kolor,Tak,Tak,,,Inny,Tak,Nowe,,,,,,,,,,,,
349,Osoby prywatnej,Motocykle,Malaguti,RST 125,2019,814 km,125 cm3,16 KM,Łańcuch,Czterosuwowy,Benzyna,Manualna,Sportowy,Biały,,Tak,,,Polska,Tak,Używane,TKA01UT,Tak,Metalik,Tak,Tak,04/06/2021,,,,02/06/2023,,
350,Osoby prywatnej,Motocykle,Polaris,Scrambler,2015,1 485 km,1 000 cm3,89 KM,Wał kardana,Czterosuwowy,Benzyna,,Quad,Biały,,,,,,Tak,Używane,,,,,Tak,,,,Tak,,,
351,Osoby prywatnej,Motocykle,BMW,S,2018,16 500 km,,,Łańcuch,,Benzyna,,Sportowy,Inny kolor,,,,,,,Używane,,,,,Tak,,,,,,,
352,Osoby prywatnej,Motocykle,BMW,GS,2019,9 999 km,1 250 cm3,136 KM,Wał kardana,,Benzyna,,Turystyczny,Czarny,,,,,Niemcy,,Używane,,Tak,,Tak,,,,,,,,
353,Firmy,Motocykle,Aprilia,SX,2021,947 km,124 cm3,15 KM,Łańcuch,Czterosuwowy,Benzyna,Manualna,Enduro,Czarny,Tak,Tak,Tak,3 miesięcy,Szwajcaria,Tak,Używane,,Tak,,,,22/10/2021,,,,,,
354,Firmy,Motocykle,Moto Guzzi,Inny,2021,1 km,853 cm3,76 KM,Wał kardana,Czterosuwowy,Benzyna,Manualna,Turystyczny,Żółty,,Tak,,24 miesięcy,,Tak,Nowe,,,,,,,,,,,,
355,Firmy,Motocykle,Honda,ST,2006,77 300 km,1 300 cm3,126 KM,Wał kardana,Czterosuwowy,Benzyna,Manualna,Turystyczny,Niebieski,Tak,,,,Belgia,Tak,Używane,,,Metalik,,,10/03/2006,,,Tak,,,
356,Osoby prywatnej,Motocykle,Hyosung,GV,2010,44 000 km,250 cm3,,Łańcuch,Czterosuwowy,Benzyna,Manualna,Cruiser,Czarny,,,,,Polska,Tak,Używane,,Tak,,,Tak,,,,,,,
357,Osoby prywatnej,Motocykle,Suzuki,GSX-R,2006,42 500 km,599 cm3,125 KM,Łańcuch,Czterosuwowy,Benzyna,Manualna,Sportowy,Niebieski,,,,,,,Używane,,,,,Tak,,,,,,,
358,Firmy,Motocykle,Peugeot,Satelis,2012,52 327 km,125 cm3,,Pas napędowy,Czterosuwowy,Benzyna,Automatyczna,Skuter,Inny kolor,,,,,Francja,,Używane,,,,,,,,Tak,Tak,,,
359,Firmy,Motocykle,Polaris,Ranger EV,2010,5 016 km,455 cm3,14 KM,Pas napędowy,Czterosuwowy,Benzyna,Automatyczna,Quad,Czerwony,,,,,Francja,,Używane,,,,,,,,Tak,Tak,,,
360,Firmy,Motocykle,CF Moto,Inny,2022,1 km,1 000 cm3,80 KM,Wał kardana,Czterosuwowy,Benzyna,Automatyczna,Sportowy,Inny kolor,Tak,Tak,,,,Tak,Nowe,,,,,,,,,,,,
361,Firmy,Motocykle,Aprilia,Shiver,2013,50 000 km,750 cm3,95 KM,Łańcuch,Czterosuwowy,Benzyna,Manualna,Naked,Czerwony,,,,,Francja,,Używane,,,,,,,,Tak,Tak,,,
362,Firmy,Motocykle,Kawasaki,Z,2020,8 147 km,399 cm3,33 KM,Łańcuch,Czterosuwowy,Benzyna,Manualna,Naked,Czarny,,,,,Francja,,Używane,,,Metalik,,,,,Tak,Tak,,,
363,Osoby prywatnej,Motocykle,Honda,VT,1985,58 000 km,,,,,Benzyna,,Chopper,Żółty,,,,,,,Używane,,,,,,,,,,,,
364,Osoby prywatnej,Motocykle,Honda,VFR,2014,23 000 km,,,,Czterosuwowy,Benzyna,,Turystyczny,Czerwony,,,,,Polska,Tak,Używane,GDAC44M,,,Tak,,,,,,,,
365,Osoby prywatnej,Motocykle,Harley-Davidson,Sportster,2008,10 000 km,883 cm3,53 KM,Pas napędowy,,Benzyna,Manualna,Chopper,Czarny,,,,,Stany Zjednoczone,,Używane,,Tak,Metalik,,Tak,,,,,,,
366,Osoby prywatnej,Motocykle,Honda,CBR,2013,20 300 km,999 cm3,178 KM,Łańcuch,Czterosuwowy,Benzyna,Manualna,Sportowy,Biały,,,,,,,Używane,LLB30N7,,Metalik,,Tak,,,,,,,
367,Firmy,Motocykle,Romet,Inny,2022,1 km,49 cm3,3 KM,Łańcuch,Czterosuwowy,Benzyna,Manualna,Motorower,Inny kolor,Tak,,,,,Tak,Nowe,,,,,,,,,,,,
368,Firmy,Motocykle,BMW,K,2003,51 525 km,1 171 cm3,130 KM,Wał kardana,Czterosuwowy,Benzyna,Manualna,Turystyczny,Czarny,Tak,,,3 miesięcy,,Tak,Używane,RT705X,,Metalik,,Tak,26/09/2003,,,Tak,,,
369,Firmy,Motocykle,Honda,NSS,2021,1 km,750 cm3,59 KM,Łańcuch,Czterosuwowy,Benzyna,Automatyczna,Skuter,Szary,,,,,,Tak,Nowe,,,Matowy,,,,,,,,,
370,Firmy,Motocykle,Honda,NSS,2021,1 km,350 cm3,29 KM,Pas napędowy,Czterosuwowy,Benzyna,Bezstopniowa,Skuter,Niebieski,Tak,Tak,,,,Tak,Nowe,,,Matowy,,,,,,,,,
371,Firmy,Motocykle,CF Moto,Inny,2021,1 km,500 cm3,40 KM,Wał kardana,Czterosuwowy,Benzyna,Automatyczna,Quad,Inny kolor,Tak,Tak,,,,Tak,Nowe,,,,,,,,,,,,
372,Firmy,Motocykle,Ducati,Inny,2022,1 km,1 103 cm3,215 KM,Łańcuch,Czterosuwowy,Benzyna,Manualna,Sportowy,Czarny,Tak,Tak,,,Polska,Tak,Nowe,,,,,,,,,,,,
373,Firmy,Motocykle,Ducati,Ds 1000,2008,67 000 km,992 cm3,84 KM,Łańcuch,Czterosuwowy,Benzyna,Manualna,Turystyczny,Czerwony,,,,,Włochy,Tak,Używane,,,Metalik,Tak,,,,,,,,
374,Osoby prywatnej,Motocykle,Honda,Shadow,1998,47 600 km,745 cm3,45 KM,Łańcuch,Czterosuwowy,Benzyna,Manualna,Chopper,Inny kolor,,,,,,Tak,Używane,XXX,,Metalik,,Tak,12/05/1998,,,,,,
375,Osoby prywatnej,Motocykle,Moto Guzzi,V7,2020,6 380 km,750 cm3,55 KM,Wał kardana,Czterosuwowy,Benzyna,Manualna,Naked,Czarny,,,,,Polska,Tak,Używane,,Tak,Perłowy,Tak,Tak,,,,,,,
376,Osoby prywatnej,Motocykle,Yamaha,Drag Star,2000,14 850 km,125 cm3,15 KM,Łańcuch,Czterosuwowy,Benzyna,,Chopper,Czarny,,,,,,,Używane,,,Metalik,,,,,,,,,
377,Firmy,Motocykle,Honda,NSS,2021,1 km,125 cm3,15 KM,Pas napędowy,Czterosuwowy,Benzyna,Bezstopniowa,Skuter,Niebieski,Tak,Tak,,,,Tak,Nowe,,,Matowy,,,,,,,,,
378,Osoby prywatnej,Motocykle,BMW,GS,2010,112 000 km,1 200 cm3,110 KM,Wał kardana,Czterosuwowy,Benzyna,Manualna,Turystyczny,Biały,Tak,,,,Belgia,Tak,Używane,,,Perłowy,Tak,Tak,02/07/2010,,,,,,
379,Firmy,Motocykle,BMW,S,2017,16 429 km,999 cm3,198 KM,Łańcuch,Czterosuwowy,Benzyna,Manualna,Sportowy,Szary,Tak,,,,,Tak,Używane,W2 MWMWM,,Metalik,,Tak,08/02/2017,,,Tak,,,
380,Firmy,Motocykle,Suzuki,Bandit,2006,34 000 km,1 200 cm3,98 KM,Łańcuch,Czterosuwowy,Benzyna,Manualna,Naked,Srebrny,Tak,,,,Francja,,Używane,,,Metalik,,,,,,Tak,,,
381,Osoby prywatnej,Motocykle,Kawasaki,ER,2013,29 000 km,600 cm3,,Łańcuch,Czterosuwowy,Benzyna,Manualna,Naked,Biały,,,,,,Tak,Używane,,,Perłowy,,,,,,,,,
382,Osoby prywatnej,Motocykle,Honda,X8R,2000,19 247 km,49 cm3,4 KM,Pas napędowy,Dwusuwowy,Benzyna,Bezstopniowa,Skuter,Czerwony,,,,,,,Używane,WOR30HX,,,,Tak,07/04/2000,,,,,,
383,Osoby prywatnej,Motocykle,Piaggio,Inny,2016,8 500 km,125 cm3,12 KM,,Czterosuwowy,Benzyna,Automatyczna,Skuter,Niebieski,,,,,Francja,,Używane,,,Metalik,,Tak,,,,,,,8 500 km
384,Osoby prywatnej,Motocykle,Daelim,VL,2000,56 000 km,125 cm3,15 KM,Łańcuch,Czterosuwowy,Benzyna,Manualna,Chopper,Czarny,,,,,Niemcy,,Używane,,,,,Tak,,,,,,,
385,Firmy,Motocykle,Honda,Shadow,1999,15 500 km,125 cm3,15 KM,,,Benzyna,,Chopper,Czarny,Tak,,,,Austria,Tak,Używane,,,,,,,,,Tak,,,
386,Osoby prywatnej,Motocykle,Honda,VT,2008,14 000 km,750 cm3,45 KM,Wał kardana,Czterosuwowy,Benzyna,Manualna,Chopper,Czerwony,,Tak,,,Kanada,Tak,Używane,,Tak,Metalik,,,,,,,,,
387,Osoby prywatnej,Motocykle,Kawasaki,ZX,2019,5 400 km,600 cm3,130 KM,Łańcuch,Czterosuwowy,Benzyna,Manualna,Sportowy,Zielony,,,,,,,Używane,,Tak,Metalik,,,,,,,,,
388,Firmy,Motocykle,Harley-Davidson,Road King,2020,1 613 km,1 868 cm3,95 KM,Pas napędowy,Czterosuwowy,Benzyna,Manualna,Cruiser,Czarny,,,,,Polska,Tak,Używane,,Tak,Perłowy,Tak,Tak,20/07/2020,Tak,,Tak,20/07/2022,,
389,Osoby prywatnej,Motocykle,Honda,TRX,2002,1 234 km,450 cm3,30 KM,Wał kardana,Czterosuwowy,Benzyna,Półautomatyczna,Quad,Czerwony,,,,,Polska,Tak,Używane,KK HONDA TRX,,Metalik,Tak,,,,,,,,
390,Osoby prywatnej,Motocykle,Honda,CB,2018,20 000 km,998 cm3,150 KM,Łańcuch,Czterosuwowy,Benzyna,Manualna,Naked,Czarny,,,,,,,Używane,,,,,,,,Tak,,,,
391,Osoby prywatnej,Motocykle,Dniepr,K-750,1988,50 883 km,750 cm3,38 KM,Wał kardana,Czterosuwowy,Benzyna,Manualna,Chopper,Czarny,,,,,Ukraina,Tak,Używane,,Tak,Matowy,,Tak,21/04/1988,,,,,,
392,Osoby prywatnej,Motocykle,Kymco,Grand Dink,2006,27 000 km,125 cm3,11 KM,Pas napędowy,Czterosuwowy,Benzyna,Bezstopniowa,Skuter,Szary,,,,,Holandia,Tak,Używane,CW4789,,Metalik,,Tak,20/12/2006,,,,,,
393,Osoby prywatnej,Motocykle,Suzuki,Bandit,2008,27 000 km,650 cm3,80 KM,,Czterosuwowy,Benzyna,Manualna,Naked,Czarny,,,,,,,Używane,Sgl K61M,,,,Tak,08/07/2008,,,,,,
394,Osoby prywatnej,Motocykle,Honda,NTV,2006,87 880 km,680 cm3,65 KM,Wał kardana,Czterosuwowy,Benzyna,Manualna,Turystyczny,Czarny,,,,,,,Używane,WSC2CL9,,Metalik,,Tak,07/08/2006,,,,,,
395,Osoby prywatnej,Motocykle,Kawasaki,ZX,1994,62 754 km,900 cm3,,,,Benzyna,,Sportowy,Czerwony,,,,,,,Używane,,,,,,,,,,,,
396,Firmy,Motocykle,BMW,F,2014,12 000 km,800 cm3,80 KM,Łańcuch,Czterosuwowy,Benzyna,Manualna,Turystyczny,Czarny,,,,,Niemcy,Tak,Używane,,,,,Tak,,,,Tak,,,
397,Firmy,Motocykle,Suzuki,GSX-F - Katana,1993,35 000 km,750 cm3,100 KM,Łańcuch,Czterosuwowy,Benzyna,Manualna,Sportowy,Inny kolor,,,,,Niemcy,Tak,Używane,,,Metalik,,,,,,,,,
398,Firmy,Motocykle,BMW,K,2001,65 000 km,1 200 cm3,100 KM,Wał kardana,Czterosuwowy,Benzyna,Manualna,Turystyczny,Czerwony,,,,,Irlandia,Tak,Używane,,,Metalik,,,,,,,,,
399,Firmy,Motocykle,Suzuki,VZ,1997,29 000 km,800 cm3,50 KM,Łańcuch,Czterosuwowy,Benzyna,Manualna,Chopper,Zielony,,,,,Niemcy,,Używane,,,Perłowy,,Tak,,,,,,,
400,Firmy,Motocykle,BMW,R,2002,135 000 km,1 150 cm3,100 KM,Wał kardana,Czterosuwowy,Benzyna,Manualna,Cruiser,Inny kolor,,,,,,,Używane,,,Metalik,,,,,,,,,
401,Firmy,Motocykle,Honda,CBF,2007,52 000 km,1 000 cm3,130 KM,Wał kardana,Czterosuwowy,Benzyna,Manualna,Turystyczny,Inny kolor,,,,,Niemcy,Tak,Używane,,,Metalik,,Tak,,,,,,,
402,Osoby prywatnej,Motocykle,Yamaha,XVS,2007,36 291 km,1 304 cm3,70 KM,Pas napędowy,Czterosuwowy,Benzyna,Manualna,Chopper,Niebieski,,,,,,,Używane,DTR40TW,,Perłowy,,Tak,21/12/2007,,,,,,
403,Osoby prywatnej,Motocykle,Honda,CBR,1990,6 100 km,998 cm3,99 KM,Łańcuch,Czterosuwowy,Benzyna,Manualna,Turystyczny,Czerwony,,,,,Niemcy,Tak,Używane,,,Metalik,,Tak,02/07/1990,,,,,,
404,Firmy,Motocykle,Honda,NSS,2016,48 000 km,125 cm3,15 KM,Pas napędowy,Czterosuwowy,Benzyna,Bezstopniowa,Skuter,Biały,,,,,Wielka Brytania,,Używane,,,Matowy,,,,,,,,,
405,Osoby prywatnej,Motocykle,Suzuki,GSX,2005,46 730 km,1 402 cm3,106 KM,Łańcuch,Czterosuwowy,Benzyna,Manualna,Turystyczny,Inny kolor,,,,,,,Używane,,,,,Tak,20/10/2005,,,,,,
406,Osoby prywatnej,Motocykle,BMW,Adventure,2017,31 500 km,,,,,Benzyna,,Turystyczny,Szary,,,,,,,Używane,,,,,,,,,,,,
407,Osoby prywatnej,Motocykle,Suzuki,GSX-F - Katana,2001,55 820 km,750 cm3,92 KM,Łańcuch,,Benzyna,,Sportowy,Czarny,,,,,,,Używane,KNSVS75,,,,Tak,,,,,,,
408,Firmy,Motocykle,Suzuki,Marauder,2005,21 834 km,249 cm3,20 KM,Łańcuch,Czterosuwowy,Benzyna,,Chopper,Czarny,Tak,,,3 miesięcy,Włochy,Tak,Używane,,,Metalik,,,20/05/2005,,,Tak,,,
409,Firmy,Motocykle,Honda,CB,2000,87 277 km,1 137 cm3,136 KM,Łańcuch,Czterosuwowy,Benzyna,Manualna,Naked,Czarny,,,,,Niemcy,,Używane,HR JH64,,,,,14/04/2000,,,Tak,,,
410,Firmy,Motocykle,Yamaha,Virago,1998,8 000 km,,,,,Benzyna,,Chopper,Inny kolor,,,,,,Tak,Używane,,,,,,,,,Tak,,,
411,Firmy,Motocykle,Yamaha,XJ,1997,36 901 km,599 cm3,51 KM,Łańcuch,Czterosuwowy,Benzyna,Manualna,Turystyczny,Czerwony,,,,,,,Używane,FF I48,,,,,16/05/1997,,,Tak,,,
412,Osoby prywatnej,Motocykle,Honda,CBF,2017,17 000 km,125 cm3,14 KM,Łańcuch,,Benzyna,Manualna,Naked,Biały,,,,,,,Używane,,,Perłowy,,,,,,,,,
413,Osoby prywatnej,Motocykle,Honda,CB,2021,2 250 km,471 cm3,48 KM,Łańcuch,Czterosuwowy,Benzyna,Manualna,Naked,Czerwony,,Tak,,,Polska,Tak,Używane,WN5966,Tak,,,Tak,06/09/2021,,,,,,
414,Firmy,Motocykle,Honda,VFR,2017,60 000 km,,,,,Benzyna,,Turystyczny,Czerwony,,,,,,Tak,Używane,,Tak,,,,,,,Tak,,,
415,Firmy,Motocykle,Honda,Shadow,2006,52 000 km,,,,,Benzyna,,Chopper,Czarny,,,,,,Tak,Używane,,,,,,,,,Tak,,,
416,Firmy,Motocykle,Yamaha,Tracer,2022,1 km,890 cm3,115 KM,Łańcuch,Czterosuwowy,Benzyna,Manualna,Turystyczny,Czerwony,Tak,Tak,Tak,24 miesięcy,Polska,Tak,Nowe,,,Matowy,,,,,,,,,
417,Osoby prywatnej,Motocykle,KTM,LC 8,2018,25 000 km,1 290 cm3,160 KM,Łańcuch,Czterosuwowy,Benzyna,Manualna,Turystyczny,Biały,,,,,,,Używane,LO68CHL,,Perłowy,,,31/01/2019,,,Tak,,,
418,Firmy,Motocykle,Barton,Inny,2022,1 km,125 cm3,12 KM,Łańcuch,Czterosuwowy,Benzyna,Manualna,Chopper,Inny kolor,Tak,Tak,,,,Tak,Nowe,,,,,,,,,,,,
419,Osoby prywatnej,Motocykle,CF Moto,C-Force,2015,7 000 km,800 cm3,65 KM,Wał kardana,Dwusuwowy,Benzyna,Automatyczna,Quad,Inny kolor,,,,,Niemcy,Tak,Używane,KNST5HE,,Metalik,Tak,Tak,,,,,,,
420,Osoby prywatnej,Motocykle,BMW,GS,2018,14 000 km,1 200 cm3,150 KM,Wał kardana,Czterosuwowy,Benzyna,Manualna,Turystyczny,Niebieski,,,,,Polska,,Używane,,,Metalik,,,,,,,,,
421,Firmy,Motocykle,Yamaha,Majesty,2010,53 567 km,395 cm3,34 KM,Pas napędowy,Czterosuwowy,Benzyna,Automatyczna,Skuter,Szary,Tak,,,3 miesięcy,Włochy,Tak,Używane,,,Metalik,,,12/08/2010,,,Tak,,,
422,Osoby prywatnej,Motocykle,Yamaha,R6,2002,30 000 km,599 cm3,120 KM,Łańcuch,Czterosuwowy,Benzyna,Manualna,Sportowy,Niebieski,,,,,,,Używane,,,Metalik,,Tak,,,,,,,
423,Osoby prywatnej,Motocykle,Yamaha,XV,1990,57 925 km,535 cm3,27 KM,Wał kardana,Czterosuwowy,Benzyna,Manualna,Chopper,Czarny,,,,,Niemcy,,Używane,PP090R,,Matowy,,Tak,25/04/1990,Tak,,,,,
424,Firmy,Motocykle,Harley-Davidson,Heritage,2016,776 km,1 690 cm3,88 KM,Pas napędowy,Czterosuwowy,Benzyna,Manualna,Chopper,Czarny,,,,,Stany Zjednoczone,,Używane,,,Perłowy,,,01/01/2016,Tak,,Tak,,,
425,Firmy,Motocykle,Zontes,125 U,2022,1 km,125 cm3,15 KM,Łańcuch,Czterosuwowy,Benzyna,Manualna,Naked,Czerwony,Tak,Tak,Tak,24 miesięcy,Polska,Tak,Nowe,,,Metalik,,,,,,,,,
426,Osoby prywatnej,Motocykle,Kawasaki,Vulcan,2002,61 992 km,800 cm3,,,,Benzyna,Manualna,Cruiser,Czerwony,,,,,,Tak,Używane,PCT 65U4,,,,Tak,25/03/2010,,,,,,
427,Firmy,Motocykle,Honda,CB,1978,20 374 km,836 cm3,102 KM,Łańcuch,Czterosuwowy,Benzyna,Manualna,Naked,Czarny,,,,,Niemcy,,Używane,,,Perłowy,,Tak,30/04/2012,Tak,,Tak,,,
428,Firmy,Motocykle,Suzuki,GS,1979,68 390 km,1 100 cm3,100 KM,Łańcuch,Czterosuwowy,Benzyna,Manualna,Naked,Czarny,,,,,Niemcy,Tak,Używane,,,Matowy,,Tak,01/02/1990,Tak,,Tak,,,
429,Firmy,Motocykle,Kymco,MyRoad,2014,30 148 km,700 cm3,59 KM,Pas napędowy,Czterosuwowy,Benzyna,Automatyczna,Skuter,Biały,Tak,,,3 miesięcy,Włochy,Tak,Używane,,,Metalik,,,11/04/2014,,,Tak,,,
430,Firmy,Motocykle,Peugeot,Tweet,2021,1 km,49 cm3,4 KM,Pas napędowy,Czterosuwowy,Benzyna,Automatyczna,Skuter,Niebieski,Tak,Tak,Tak,24 miesięcy,Francja,Tak,Nowe,,,,,,,,,,,,
431,Osoby prywatnej,Motocykle,Peugeot,Satelis,2008,50 775 km,,,,,Benzyna,,Skuter,Bordowy,,,,,,,Używane,,,,,,,,,Tak,,,
432,Firmy,Motocykle,Honda,SH,2016,27 071 km,300 cm3,25 KM,Pas napędowy,Czterosuwowy,Benzyna,Bezstopniowa,Skuter,Szary,Tak,,,3 miesięcy,Włochy,Tak,Używane,,,Metalik,,,27/04/2016,,,Tak,,,
433,Osoby prywatnej,Motocykle,Yamaha,TDM,1993,82 000 km,850 cm3,78 KM,Łańcuch,Czterosuwowy,Benzyna,Manualna,Turystyczny,Czarny,,,,,Niemcy,Tak,Używane,,,Metalik,,Tak,,,,,,,
434,Osoby prywatnej,Motocykle,BMW,GS,2014,20 000 km,798 cm3,90 KM,Łańcuch,,Benzyna,Manualna,Enduro,Niebieski,,,,,Polska,,Używane,,Tak,,Tak,Tak,,,Tak,,,,
435,Osoby prywatnej,Motocykle,Peugeot,Satelis,2008,37 304 km,,,,,Benzyna,,Skuter,Czarny,,,,,,,Używane,,,,,,,,,Tak,,,
436,Osoby prywatnej,Motocykle,Yamaha,FZ,2004,30 000 km,600 cm3,98 KM,,Czterosuwowy,Benzyna,,Sportowy,Niebieski,,,,,,Tak,Używane,,,,,Tak,,,,,,,
437,Osoby prywatnej,Motocykle,BMW,GS,2008,52 000 km,800 cm3,100 KM,Łańcuch,Czterosuwowy,Benzyna,Manualna,Turystyczny,Żółty,,,,,,,Używane,,,Metalik,,,,,,,,,
438,Firmy,Motocykle,Suzuki,Bandit,2006,32 282 km,650 cm3,77 KM,Łańcuch,Czterosuwowy,Benzyna,Manualna,Naked,Czarny,,,,,Włochy,Tak,Używane,,,Metalik,Tak,,,,,Tak,,,
439,Firmy,Motocykle,Suzuki,GSX-F - Katana,2005,46 924 km,750 cm3,92 KM,Łańcuch,Czterosuwowy,Benzyna,Manualna,Turystyczny,Srebrny,Tak,,,3 miesięcy,Włochy,Tak,Używane,,Tak,Metalik,,,06/04/2005,,,Tak,,,
440,Firmy,Motocykle,Honda,CB,2016,15 762 km,500 cm3,,Łańcuch,Czterosuwowy,Benzyna,Manualna,Turystyczny,Czarny,Tak,,,,,Tak,Używane,,,Matowy,,Tak,,,,Tak,,,
441,Firmy,Motocykle,Peugeot,Kisbee,2021,1 km,50 cm3,3 KM,Pas napędowy,Czterosuwowy,Benzyna,Bezstopniowa,Skuter,Szary,,Tak,Tak,,,Tak,Nowe,,,Matowy,,,,,,,,,
442,Firmy,Motocykle,Zontes,125 U1,2022,1 km,125 cm3,15 KM,Łańcuch,Czterosuwowy,Benzyna,Manualna,Naked,Niebieski,Tak,Tak,Tak,24 miesięcy,Polska,Tak,Nowe,,,Metalik,,,,,,,,,
443,Firmy,Motocykle,Zontes,125 G1 Aluminium,2022,1 km,125 cm3,15 KM,Łańcuch,Czterosuwowy,Benzyna,Manualna,Naked,Czarny,Tak,Tak,Tak,24 miesięcy,Polska,Tak,Nowe,,,Metalik,,,,,,,,,
444,Osoby prywatnej,Motocykle,Can-Am,Outlander,2015,9 337 km,450 cm3,38 KM,Pas napędowy,Czterosuwowy,Benzyna,,Quad,Czerwony,,,,,,,Używane,,,,,,,,,,,3JBLJAR21gj000105,
445,Firmy,Motocykle,Peugeot,Speedfight,2021,1 km,50 cm3,3 KM,Pas napędowy,Czterosuwowy,Benzyna,Automatyczna,Skuter,Czerwony,Tak,Tak,Tak,,,Tak,Nowe,,,,,,,,,,,,
446,Firmy,Motocykle,Peugeot,Tweet,2021,1 km,50 cm3,3 KM,Pas napędowy,Czterosuwowy,Benzyna,Bezstopniowa,Skuter,Czarny,Tak,Tak,Tak,,,Tak,Nowe,,,,,,,,,,,,
447,Firmy,Motocykle,Peugeot,Tweet,2021,1 km,125 cm3,15 KM,Pas napędowy,Czterosuwowy,Benzyna,Automatyczna,Skuter,Niebieski,Tak,Tak,Tak,24 miesięcy,Francja,Tak,Nowe,,,,,,,,,,,,
